"table";"heat";"phase";"gatePolicy";"gate";"helmet";"team";"selector"
"individual-16-20";"1";"main";"fixed";"A";"czerwony";"";"{""type"":""startNumber"",""number"":1}"
"individual-16-20";"1";"main";"fixed";"B";"niebieski";"";"{""type"":""startNumber"",""number"":2}"
"individual-16-20";"1";"main";"fixed";"C";"biały";"";"{""type"":""startNumber"",""number"":3}"
"individual-16-20";"1";"main";"fixed";"D";"żółty";"";"{""type"":""startNumber"",""number"":4}"
"individual-16-20";"2";"main";"fixed";"A";"czerwony";"";"{""type"":""startNumber"",""number"":5}"
"individual-16-20";"2";"main";"fixed";"B";"niebieski";"";"{""type"":""startNumber"",""number"":7}"
"individual-16-20";"2";"main";"fixed";"C";"biały";"";"{""type"":""startNumber"",""number"":6}"
"individual-16-20";"2";"main";"fixed";"D";"żółty";"";"{""type"":""startNumber"",""number"":8}"
"individual-16-20";"3";"main";"fixed";"A";"czerwony";"";"{""type"":""startNumber"",""number"":10}"
"individual-16-20";"3";"main";"fixed";"B";"niebieski";"";"{""type"":""startNumber"",""number"":11}"
"individual-16-20";"3";"main";"fixed";"C";"biały";"";"{""type"":""startNumber"",""number"":9}"
"individual-16-20";"3";"main";"fixed";"D";"żółty";"";"{""type"":""startNumber"",""number"":12}"
"individual-16-20";"4";"main";"fixed";"A";"czerwony";"";"{""type"":""startNumber"",""number"":15}"
"individual-16-20";"4";"main";"fixed";"B";"niebieski";"";"{""type"":""startNumber"",""number"":14}"
"individual-16-20";"4";"main";"fixed";"C";"biały";"";"{""type"":""startNumber"",""number"":16}"
"individual-16-20";"4";"main";"fixed";"D";"żółty";"";"{""type"":""startNumber"",""number"":13}"
"individual-16-20";"5";"main";"fixed";"A";"czerwony";"";"{""type"":""startNumber"",""number"":13}"
"individual-16-20";"5";"main";"fixed";"B";"niebieski";"";"{""type"":""startNumber"",""number"":1}"
"individual-16-20";"5";"main";"fixed";"C";"biały";"";"{""type"":""startNumber"",""number"":5}"
"individual-16-20";"5";"main";"fixed";"D";"żółty";"";"{""type"":""startNumber"",""number"":9}"
"individual-16-20";"6";"main";"fixed";"A";"czerwony";"";"{""type"":""startNumber"",""number"":14}"
"individual-16-20";"6";"main";"fixed";"B";"niebieski";"";"{""type"":""startNumber"",""number"":10}"
"individual-16-20";"6";"main";"fixed";"C";"biały";"";"{""type"":""startNumber"",""number"":2}"
"individual-16-20";"6";"main";"fixed";"D";"żółty";"";"{""type"":""startNumber"",""number"":6}"
"individual-16-20";"7";"main";"fixed";"A";"czerwony";"";"{""type"":""startNumber"",""number"":11}"
"individual-16-20";"7";"main";"fixed";"B";"niebieski";"";"{""type"":""startNumber"",""number"":15}"
"individual-16-20";"7";"main";"fixed";"C";"biały";"";"{""type"":""startNumber"",""number"":7}"
"individual-16-20";"7";"main";"fixed";"D";"żółty";"";"{""type"":""startNumber"",""number"":3}"
"individual-16-20";"8";"main";"fixed";"A";"czerwony";"";"{""type"":""startNumber"",""number"":4}"
"individual-16-20";"8";"main";"fixed";"B";"niebieski";"";"{""type"":""startNumber"",""number"":8}"
"individual-16-20";"8";"main";"fixed";"C";"biały";"";"{""type"":""startNumber"",""number"":12}"
"individual-16-20";"8";"main";"fixed";"D";"żółty";"";"{""type"":""startNumber"",""number"":16}"
"individual-16-20";"9";"main";"fixed";"A";"czerwony";"";"{""type"":""startNumber"",""number"":6}"
"individual-16-20";"9";"main";"fixed";"B";"niebieski";"";"{""type"":""startNumber"",""number"":16}"
"individual-16-20";"9";"main";"fixed";"C";"biały";"";"{""type"":""startNumber"",""number"":1}"
"individual-16-20";"9";"main";"fixed";"D";"żółty";"";"{""type"":""startNumber"",""number"":11}"
"individual-16-20";"10";"main";"fixed";"A";"czerwony";"";"{""type"":""startNumber"",""number"":12}"
"individual-16-20";"10";"main";"fixed";"B";"niebieski";"";"{""type"":""startNumber"",""number"":5}"
"individual-16-20";"10";"main";"fixed";"C";"biały";"";"{""type"":""startNumber"",""number"":15}"
"individual-16-20";"10";"main";"fixed";"D";"żółty";"";"{""type"":""startNumber"",""number"":2}"
"individual-16-20";"11";"main";"fixed";"A";"czerwony";"";"{""type"":""startNumber"",""number"":8}"
"individual-16-20";"11";"main";"fixed";"B";"niebieski";"";"{""type"":""startNumber"",""number"":9}"
"individual-16-20";"11";"main";"fixed";"C";"biały";"";"{""type"":""startNumber"",""number"":3}"
"individual-16-20";"11";"main";"fixed";"D";"żółty";"";"{""type"":""startNumber"",""number"":14}"
"individual-16-20";"12";"main";"fixed";"A";"czerwony";"";"{""type"":""startNumber"",""number"":13}"
"individual-16-20";"12";"main";"fixed";"B";"niebieski";"";"{""type"":""startNumber"",""number"":4}"
"individual-16-20";"12";"main";"fixed";"C";"biały";"";"{""type"":""startNumber"",""number"":10}"
"individual-16-20";"12";"main";"fixed";"D";"żółty";"";"{""type"":""startNumber"",""number"":7}"
"individual-16-20";"13";"main";"fixed";"A";"czerwony";"";"{""type"":""startNumber"",""number"":7}"
"individual-16-20";"13";"main";"fixed";"B";"niebieski";"";"{""type"":""startNumber"",""number"":12}"
"individual-16-20";"13";"main";"fixed";"C";"biały";"";"{""type"":""startNumber"",""number"":14}"
"individual-16-20";"13";"main";"fixed";"D";"żółty";"";"{""type"":""startNumber"",""number"":1}"
"individual-16-20";"14";"main";"fixed";"A";"czerwony";"";"{""type"":""startNumber"",""number"":2}"
"individual-16-20";"14";"main";"fixed";"B";"niebieski";"";"{""type"":""startNumber"",""number"":13}"
"individual-16-20";"14";"main";"fixed";"C";"biały";"";"{""type"":""startNumber"",""number"":8}"
"individual-16-20";"14";"main";"fixed";"D";"żółty";"";"{""type"":""startNumber"",""number"":11}"
"individual-16-20";"15";"main";"fixed";"A";"czerwony";"";"{""type"":""startNumber"",""number"":16}"
"individual-16-20";"15";"main";"fixed";"B";"niebieski";"";"{""type"":""startNumber"",""number"":3}"
"individual-16-20";"15";"main";"fixed";"C";"biały";"";"{""type"":""startNumber"",""number"":10}"
"individual-16-20";"15";"main";"fixed";"D";"żółty";"";"{""type"":""startNumber"",""number"":5}"
"individual-16-20";"16";"main";"fixed";"A";"czerwony";"";"{""type"":""startNumber"",""number"":9}"
"individual-16-20";"16";"main";"fixed";"B";"niebieski";"";"{""type"":""startNumber"",""number"":6}"
"individual-16-20";"16";"main";"fixed";"C";"biały";"";"{""type"":""startNumber"",""number"":4}"
"individual-16-20";"16";"main";"fixed";"D";"żółty";"";"{""type"":""startNumber"",""number"":15}"
"individual-16-20";"17";"main";"fixed";"A";"czerwony";"";"{""type"":""startNumber"",""number"":1}"
"individual-16-20";"17";"main";"fixed";"B";"niebieski";"";"{""type"":""startNumber"",""number"":8}"
"individual-16-20";"17";"main";"fixed";"C";"biały";"";"{""type"":""startNumber"",""number"":15}"
"individual-16-20";"17";"main";"fixed";"D";"żółty";"";"{""type"":""startNumber"",""number"":10}"
"individual-16-20";"18";"main";"fixed";"A";"czerwony";"";"{""type"":""startNumber"",""number"":9}"
"individual-16-20";"18";"main";"fixed";"B";"niebieski";"";"{""type"":""startNumber"",""number"":2}"
"individual-16-20";"18";"main";"fixed";"C";"biały";"";"{""type"":""startNumber"",""number"":7}"
"individual-16-20";"18";"main";"fixed";"D";"żółty";"";"{""type"":""startNumber"",""number"":16}"
"individual-16-20";"19";"main";"fixed";"A";"czerwony";"";"{""type"":""startNumber"",""number"":3}"
"individual-16-20";"19";"main";"fixed";"B";"niebieski";"";"{""type"":""startNumber"",""number"":12}"
"individual-16-20";"19";"main";"fixed";"C";"biały";"";"{""type"":""startNumber"",""number"":13}"
"individual-16-20";"19";"main";"fixed";"D";"żółty";"";"{""type"":""startNumber"",""number"":6}"
"individual-16-20";"20";"main";"fixed";"A";"czerwony";"";"{""type"":""startNumber"",""number"":5}"
"individual-16-20";"20";"main";"fixed";"B";"niebieski";"";"{""type"":""startNumber"",""number"":14}"
"individual-16-20";"20";"main";"fixed";"C";"biały";"";"{""type"":""startNumber"",""number"":11}"
"individual-16-20";"20";"main";"fixed";"D";"żółty";"";"{""type"":""startNumber"",""number"":4}"
"individual-20-25";"1";"main";"fixed";"A";"czerwony";"";"{""type"":""startNumber"",""number"":1}"
"individual-20-25";"1";"main";"fixed";"B";"niebieski";"";"{""type"":""startNumber"",""number"":3}"
"individual-20-25";"1";"main";"fixed";"C";"biały";"";"{""type"":""startNumber"",""number"":2}"
"individual-20-25";"1";"main";"fixed";"D";"żółty";"";"{""type"":""startNumber"",""number"":4}"
"individual-20-25";"2";"main";"fixed";"A";"czerwony";"";"{""type"":""startNumber"",""number"":5}"
"individual-20-25";"2";"main";"fixed";"B";"niebieski";"";"{""type"":""startNumber"",""number"":7}"
"individual-20-25";"2";"main";"fixed";"C";"biały";"";"{""type"":""startNumber"",""number"":6}"
"individual-20-25";"2";"main";"fixed";"D";"żółty";"";"{""type"":""startNumber"",""number"":8}"
"individual-20-25";"3";"main";"fixed";"A";"czerwony";"";"{""type"":""startNumber"",""number"":10}"
"individual-20-25";"3";"main";"fixed";"B";"niebieski";"";"{""type"":""startNumber"",""number"":11}"
"individual-20-25";"3";"main";"fixed";"C";"biały";"";"{""type"":""startNumber"",""number"":9}"
"individual-20-25";"3";"main";"fixed";"D";"żółty";"";"{""type"":""startNumber"",""number"":12}"
"individual-20-25";"4";"main";"fixed";"A";"czerwony";"";"{""type"":""startNumber"",""number"":15}"
"individual-20-25";"4";"main";"fixed";"B";"niebieski";"";"{""type"":""startNumber"",""number"":14}"
"individual-20-25";"4";"main";"fixed";"C";"biały";"";"{""type"":""startNumber"",""number"":16}"
"individual-20-25";"4";"main";"fixed";"D";"żółty";"";"{""type"":""startNumber"",""number"":13}"
"individual-20-25";"5";"main";"fixed";"A";"czerwony";"";"{""type"":""startNumber"",""number"":17}"
"individual-20-25";"5";"main";"fixed";"B";"niebieski";"";"{""type"":""startNumber"",""number"":18}"
"individual-20-25";"5";"main";"fixed";"C";"biały";"";"{""type"":""startNumber"",""number"":19}"
"individual-20-25";"5";"main";"fixed";"D";"żółty";"";"{""type"":""startNumber"",""number"":20}"
"individual-20-25";"6";"main";"fixed";"A";"czerwony";"";"{""type"":""startNumber"",""number"":9}"
"individual-20-25";"6";"main";"fixed";"B";"niebieski";"";"{""type"":""startNumber"",""number"":2}"
"individual-20-25";"6";"main";"fixed";"C";"biały";"";"{""type"":""startNumber"",""number"":7}"
"individual-20-25";"6";"main";"fixed";"D";"żółty";"";"{""type"":""startNumber"",""number"":16}"
"individual-20-25";"7";"main";"fixed";"A";"czerwony";"";"{""type"":""startNumber"",""number"":13}"
"individual-20-25";"7";"main";"fixed";"B";"niebieski";"";"{""type"":""startNumber"",""number"":1}"
"individual-20-25";"7";"main";"fixed";"C";"biały";"";"{""type"":""startNumber"",""number"":5}"
"individual-20-25";"7";"main";"fixed";"D";"żółty";"";"{""type"":""startNumber"",""number"":17}"
"individual-20-25";"8";"main";"fixed";"A";"czerwony";"";"{""type"":""startNumber"",""number"":14}"
"individual-20-25";"8";"main";"fixed";"B";"niebieski";"";"{""type"":""startNumber"",""number"":6}"
"individual-20-25";"8";"main";"fixed";"C";"biały";"";"{""type"":""startNumber"",""number"":20}"
"individual-20-25";"8";"main";"fixed";"D";"żółty";"";"{""type"":""startNumber"",""number"":10}"
"individual-20-25";"9";"main";"fixed";"A";"czerwony";"";"{""type"":""startNumber"",""number"":11}"
"individual-20-25";"9";"main";"fixed";"B";"niebieski";"";"{""type"":""startNumber"",""number"":15}"
"individual-20-25";"9";"main";"fixed";"C";"biały";"";"{""type"":""startNumber"",""number"":18}"
"individual-20-25";"9";"main";"fixed";"D";"żółty";"";"{""type"":""startNumber"",""number"":3}"
"individual-20-25";"10";"main";"fixed";"A";"czerwony";"";"{""type"":""startNumber"",""number"":4}"
"individual-20-25";"10";"main";"fixed";"B";"niebieski";"";"{""type"":""startNumber"",""number"":8}"
"individual-20-25";"10";"main";"fixed";"C";"biały";"";"{""type"":""startNumber"",""number"":12}"
"individual-20-25";"10";"main";"fixed";"D";"żółty";"";"{""type"":""startNumber"",""number"":19}"
"individual-20-25";"11";"main";"fixed";"A";"czerwony";"";"{""type"":""startNumber"",""number"":20}"
"individual-20-25";"11";"main";"fixed";"B";"niebieski";"";"{""type"":""startNumber"",""number"":13}"
"individual-20-25";"11";"main";"fixed";"C";"biały";"";"{""type"":""startNumber"",""number"":11}"
"individual-20-25";"11";"main";"fixed";"D";"żółty";"";"{""type"":""startNumber"",""number"":7}"
"individual-20-25";"12";"main";"fixed";"A";"czerwony";"";"{""type"":""startNumber"",""number"":8}"
"individual-20-25";"12";"main";"fixed";"B";"niebieski";"";"{""type"":""startNumber"",""number"":17}"
"individual-20-25";"12";"main";"fixed";"C";"biały";"";"{""type"":""startNumber"",""number"":15}"
"individual-20-25";"12";"main";"fixed";"D";"żółty";"";"{""type"":""startNumber"",""number"":2}"
"individual-20-25";"13";"main";"fixed";"A";"czerwony";"";"{""type"":""startNumber"",""number"":12}"
"individual-20-25";"13";"main";"fixed";"B";"niebieski";"";"{""type"":""startNumber"",""number"":5}"
"individual-20-25";"13";"main";"fixed";"C";"biały";"";"{""type"":""startNumber"",""number"":3}"
"individual-20-25";"13";"main";"fixed";"D";"żółty";"";"{""type"":""startNumber"",""number"":14}"
"individual-20-25";"14";"main";"fixed";"A";"czerwony";"";"{""type"":""startNumber"",""number"":16}"
"individual-20-25";"14";"main";"fixed";"B";"niebieski";"";"{""type"":""startNumber"",""number"":4}"
"individual-20-25";"14";"main";"fixed";"C";"biały";"";"{""type"":""startNumber"",""number"":10}"
"individual-20-25";"14";"main";"fixed";"D";"żółty";"";"{""type"":""startNumber"",""number"":18}"
"individual-20-25";"15";"main";"fixed";"A";"czerwony";"";"{""type"":""startNumber"",""number"":19}"
"individual-20-25";"15";"main";"fixed";"B";"niebieski";"";"{""type"":""startNumber"",""number"":9}"
"individual-20-25";"15";"main";"fixed";"C";"biały";"";"{""type"":""startNumber"",""number"":1}"
"individual-20-25";"15";"main";"fixed";"D";"żółty";"";"{""type"":""startNumber"",""number"":6}"
"individual-20-25";"16";"main";"fixed";"A";"czerwony";"";"{""type"":""startNumber"",""number"":2}"
"individual-20-25";"16";"main";"fixed";"B";"niebieski";"";"{""type"":""startNumber"",""number"":12}"
"individual-20-25";"16";"main";"fixed";"C";"biały";"";"{""type"":""startNumber"",""number"":17}"
"individual-20-25";"16";"main";"fixed";"D";"żółty";"";"{""type"":""startNumber"",""number"":11}"
"individual-20-25";"17";"main";"fixed";"A";"czerwony";"";"{""type"":""startNumber"",""number"":18}"
"individual-20-25";"17";"main";"fixed";"B";"niebieski";"";"{""type"":""startNumber"",""number"":16}"
"individual-20-25";"17";"main";"fixed";"C";"biały";"";"{""type"":""startNumber"",""number"":8}"
"individual-20-25";"17";"main";"fixed";"D";"żółty";"";"{""type"":""startNumber"",""number"":5}"
"individual-20-25";"18";"main";"fixed";"A";"czerwony";"";"{""type"":""startNumber"",""number"":7}"
"individual-20-25";"18";"main";"fixed";"B";"niebieski";"";"{""type"":""startNumber"",""number"":20}"
"individual-20-25";"18";"main";"fixed";"C";"biały";"";"{""type"":""startNumber"",""number"":4}"
"individual-20-25";"18";"main";"fixed";"D";"żółty";"";"{""type"":""startNumber"",""number"":1}"
"individual-20-25";"19";"main";"fixed";"A";"czerwony";"";"{""type"":""startNumber"",""number"":3}"
"individual-20-25";"19";"main";"fixed";"B";"niebieski";"";"{""type"":""startNumber"",""number"":19}"
"individual-20-25";"19";"main";"fixed";"C";"biały";"";"{""type"":""startNumber"",""number"":14}"
"individual-20-25";"19";"main";"fixed";"D";"żółty";"";"{""type"":""startNumber"",""number"":9}"
"individual-20-25";"20";"main";"fixed";"A";"czerwony";"";"{""type"":""startNumber"",""number"":6}"
"individual-20-25";"20";"main";"fixed";"B";"niebieski";"";"{""type"":""startNumber"",""number"":10}"
"individual-20-25";"20";"main";"fixed";"C";"biały";"";"{""type"":""startNumber"",""number"":13}"
"individual-20-25";"20";"main";"fixed";"D";"żółty";"";"{""type"":""startNumber"",""number"":15}"
"individual-20-25";"21";"classification-final";"fixed";"A";"czerwony";"";"{""type"":""rank"",""ranking"":""main"",""place"":17}"
"individual-20-25";"21";"classification-final";"fixed";"B";"niebieski";"";"{""type"":""rank"",""ranking"":""main"",""place"":18}"
"individual-20-25";"21";"classification-final";"fixed";"C";"biały";"";"{""type"":""rank"",""ranking"":""main"",""place"":19}"
"individual-20-25";"21";"classification-final";"fixed";"D";"żółty";"";"{""type"":""rank"",""ranking"":""main"",""place"":20}"
"individual-20-25";"22";"classification-final";"fixed";"A";"czerwony";"";"{""type"":""rank"",""ranking"":""main"",""place"":13}"
"individual-20-25";"22";"classification-final";"fixed";"B";"niebieski";"";"{""type"":""rank"",""ranking"":""main"",""place"":14}"
"individual-20-25";"22";"classification-final";"fixed";"C";"biały";"";"{""type"":""rank"",""ranking"":""main"",""place"":15}"
"individual-20-25";"22";"classification-final";"fixed";"D";"żółty";"";"{""type"":""rank"",""ranking"":""main"",""place"":16}"
"individual-20-25";"23";"classification-final";"fixed";"A";"czerwony";"";"{""type"":""rank"",""ranking"":""main"",""place"":9}"
"individual-20-25";"23";"classification-final";"fixed";"B";"niebieski";"";"{""type"":""rank"",""ranking"":""main"",""place"":10}"
"individual-20-25";"23";"classification-final";"fixed";"C";"biały";"";"{""type"":""rank"",""ranking"":""main"",""place"":11}"
"individual-20-25";"23";"classification-final";"fixed";"D";"żółty";"";"{""type"":""rank"",""ranking"":""main"",""place"":12}"
"individual-20-25";"24";"classification-final";"fixed";"A";"czerwony";"";"{""type"":""rank"",""ranking"":""main"",""place"":5}"
"individual-20-25";"24";"classification-final";"fixed";"B";"niebieski";"";"{""type"":""rank"",""ranking"":""main"",""place"":6}"
"individual-20-25";"24";"classification-final";"fixed";"C";"biały";"";"{""type"":""rank"",""ranking"":""main"",""place"":7}"
"individual-20-25";"24";"classification-final";"fixed";"D";"żółty";"";"{""type"":""rank"",""ranking"":""main"",""place"":8}"
"individual-20-25";"25";"classification-final";"rider-choice";"";"";"";"{""type"":""rank"",""ranking"":""main"",""place"":1}"
"individual-20-25";"25";"classification-final";"rider-choice";"";"";"";"{""type"":""rank"",""ranking"":""main"",""place"":2}"
"individual-20-25";"25";"classification-final";"rider-choice";"";"";"";"{""type"":""rank"",""ranking"":""main"",""place"":3}"
"individual-20-25";"25";"classification-final";"rider-choice";"";"";"";"{""type"":""rank"",""ranking"":""main"",""place"":4}"
"imp-16-22";"1";"main";"fixed";"A";"czerwony";"";"{""type"":""startNumber"",""number"":1}"
"imp-16-22";"1";"main";"fixed";"B";"niebieski";"";"{""type"":""startNumber"",""number"":2}"
"imp-16-22";"1";"main";"fixed";"C";"biały";"";"{""type"":""startNumber"",""number"":3}"
"imp-16-22";"1";"main";"fixed";"D";"żółty";"";"{""type"":""startNumber"",""number"":4}"
"imp-16-22";"2";"main";"fixed";"A";"czerwony";"";"{""type"":""startNumber"",""number"":5}"
"imp-16-22";"2";"main";"fixed";"B";"niebieski";"";"{""type"":""startNumber"",""number"":7}"
"imp-16-22";"2";"main";"fixed";"C";"biały";"";"{""type"":""startNumber"",""number"":6}"
"imp-16-22";"2";"main";"fixed";"D";"żółty";"";"{""type"":""startNumber"",""number"":8}"
"imp-16-22";"3";"main";"fixed";"A";"czerwony";"";"{""type"":""startNumber"",""number"":10}"
"imp-16-22";"3";"main";"fixed";"B";"niebieski";"";"{""type"":""startNumber"",""number"":11}"
"imp-16-22";"3";"main";"fixed";"C";"biały";"";"{""type"":""startNumber"",""number"":9}"
"imp-16-22";"3";"main";"fixed";"D";"żółty";"";"{""type"":""startNumber"",""number"":12}"
"imp-16-22";"4";"main";"fixed";"A";"czerwony";"";"{""type"":""startNumber"",""number"":15}"
"imp-16-22";"4";"main";"fixed";"B";"niebieski";"";"{""type"":""startNumber"",""number"":14}"
"imp-16-22";"4";"main";"fixed";"C";"biały";"";"{""type"":""startNumber"",""number"":16}"
"imp-16-22";"4";"main";"fixed";"D";"żółty";"";"{""type"":""startNumber"",""number"":13}"
"imp-16-22";"5";"main";"fixed";"A";"czerwony";"";"{""type"":""startNumber"",""number"":13}"
"imp-16-22";"5";"main";"fixed";"B";"niebieski";"";"{""type"":""startNumber"",""number"":1}"
"imp-16-22";"5";"main";"fixed";"C";"biały";"";"{""type"":""startNumber"",""number"":5}"
"imp-16-22";"5";"main";"fixed";"D";"żółty";"";"{""type"":""startNumber"",""number"":9}"
"imp-16-22";"6";"main";"fixed";"A";"czerwony";"";"{""type"":""startNumber"",""number"":14}"
"imp-16-22";"6";"main";"fixed";"B";"niebieski";"";"{""type"":""startNumber"",""number"":10}"
"imp-16-22";"6";"main";"fixed";"C";"biały";"";"{""type"":""startNumber"",""number"":2}"
"imp-16-22";"6";"main";"fixed";"D";"żółty";"";"{""type"":""startNumber"",""number"":6}"
"imp-16-22";"7";"main";"fixed";"A";"czerwony";"";"{""type"":""startNumber"",""number"":11}"
"imp-16-22";"7";"main";"fixed";"B";"niebieski";"";"{""type"":""startNumber"",""number"":15}"
"imp-16-22";"7";"main";"fixed";"C";"biały";"";"{""type"":""startNumber"",""number"":7}"
"imp-16-22";"7";"main";"fixed";"D";"żółty";"";"{""type"":""startNumber"",""number"":3}"
"imp-16-22";"8";"main";"fixed";"A";"czerwony";"";"{""type"":""startNumber"",""number"":4}"
"imp-16-22";"8";"main";"fixed";"B";"niebieski";"";"{""type"":""startNumber"",""number"":8}"
"imp-16-22";"8";"main";"fixed";"C";"biały";"";"{""type"":""startNumber"",""number"":12}"
"imp-16-22";"8";"main";"fixed";"D";"żółty";"";"{""type"":""startNumber"",""number"":16}"
"imp-16-22";"9";"main";"fixed";"A";"czerwony";"";"{""type"":""startNumber"",""number"":6}"
"imp-16-22";"9";"main";"fixed";"B";"niebieski";"";"{""type"":""startNumber"",""number"":16}"
"imp-16-22";"9";"main";"fixed";"C";"biały";"";"{""type"":""startNumber"",""number"":1}"
"imp-16-22";"9";"main";"fixed";"D";"żółty";"";"{""type"":""startNumber"",""number"":11}"
"imp-16-22";"10";"main";"fixed";"A";"czerwony";"";"{""type"":""startNumber"",""number"":12}"
"imp-16-22";"10";"main";"fixed";"B";"niebieski";"";"{""type"":""startNumber"",""number"":5}"
"imp-16-22";"10";"main";"fixed";"C";"biały";"";"{""type"":""startNumber"",""number"":15}"
"imp-16-22";"10";"main";"fixed";"D";"żółty";"";"{""type"":""startNumber"",""number"":2}"
"imp-16-22";"11";"main";"fixed";"A";"czerwony";"";"{""type"":""startNumber"",""number"":8}"
"imp-16-22";"11";"main";"fixed";"B";"niebieski";"";"{""type"":""startNumber"",""number"":9}"
"imp-16-22";"11";"main";"fixed";"C";"biały";"";"{""type"":""startNumber"",""number"":3}"
"imp-16-22";"11";"main";"fixed";"D";"żółty";"";"{""type"":""startNumber"",""number"":14}"
"imp-16-22";"12";"main";"fixed";"A";"czerwony";"";"{""type"":""startNumber"",""number"":13}"
"imp-16-22";"12";"main";"fixed";"B";"niebieski";"";"{""type"":""startNumber"",""number"":4}"
"imp-16-22";"12";"main";"fixed";"C";"biały";"";"{""type"":""startNumber"",""number"":10}"
"imp-16-22";"12";"main";"fixed";"D";"żółty";"";"{""type"":""startNumber"",""number"":7}"
"imp-16-22";"13";"main";"fixed";"A";"czerwony";"";"{""type"":""startNumber"",""number"":7}"
"imp-16-22";"13";"main";"fixed";"B";"niebieski";"";"{""type"":""startNumber"",""number"":12}"
"imp-16-22";"13";"main";"fixed";"C";"biały";"";"{""type"":""startNumber"",""number"":14}"
"imp-16-22";"13";"main";"fixed";"D";"żółty";"";"{""type"":""startNumber"",""number"":1}"
"imp-16-22";"14";"main";"fixed";"A";"czerwony";"";"{""type"":""startNumber"",""number"":2}"
"imp-16-22";"14";"main";"fixed";"B";"niebieski";"";"{""type"":""startNumber"",""number"":13}"
"imp-16-22";"14";"main";"fixed";"C";"biały";"";"{""type"":""startNumber"",""number"":8}"
"imp-16-22";"14";"main";"fixed";"D";"żółty";"";"{""type"":""startNumber"",""number"":11}"
"imp-16-22";"15";"main";"fixed";"A";"czerwony";"";"{""type"":""startNumber"",""number"":16}"
"imp-16-22";"15";"main";"fixed";"B";"niebieski";"";"{""type"":""startNumber"",""number"":3}"
"imp-16-22";"15";"main";"fixed";"C";"biały";"";"{""type"":""startNumber"",""number"":10}"
"imp-16-22";"15";"main";"fixed";"D";"żółty";"";"{""type"":""startNumber"",""number"":5}"
"imp-16-22";"16";"main";"fixed";"A";"czerwony";"";"{""type"":""startNumber"",""number"":9}"
"imp-16-22";"16";"main";"fixed";"B";"niebieski";"";"{""type"":""startNumber"",""number"":6}"
"imp-16-22";"16";"main";"fixed";"C";"biały";"";"{""type"":""startNumber"",""number"":4}"
"imp-16-22";"16";"main";"fixed";"D";"żółty";"";"{""type"":""startNumber"",""number"":15}"
"imp-16-22";"17";"main";"fixed";"A";"czerwony";"";"{""type"":""startNumber"",""number"":1}"
"imp-16-22";"17";"main";"fixed";"B";"niebieski";"";"{""type"":""startNumber"",""number"":8}"
"imp-16-22";"17";"main";"fixed";"C";"biały";"";"{""type"":""startNumber"",""number"":15}"
"imp-16-22";"17";"main";"fixed";"D";"żółty";"";"{""type"":""startNumber"",""number"":10}"
"imp-16-22";"18";"main";"fixed";"A";"czerwony";"";"{""type"":""startNumber"",""number"":9}"
"imp-16-22";"18";"main";"fixed";"B";"niebieski";"";"{""type"":""startNumber"",""number"":2}"
"imp-16-22";"18";"main";"fixed";"C";"biały";"";"{""type"":""startNumber"",""number"":7}"
"imp-16-22";"18";"main";"fixed";"D";"żółty";"";"{""type"":""startNumber"",""number"":16}"
"imp-16-22";"19";"main";"fixed";"A";"czerwony";"";"{""type"":""startNumber"",""number"":3}"
"imp-16-22";"19";"main";"fixed";"B";"niebieski";"";"{""type"":""startNumber"",""number"":12}"
"imp-16-22";"19";"main";"fixed";"C";"biały";"";"{""type"":""startNumber"",""number"":13}"
"imp-16-22";"19";"main";"fixed";"D";"żółty";"";"{""type"":""startNumber"",""number"":6}"
"imp-16-22";"20";"main";"fixed";"A";"czerwony";"";"{""type"":""startNumber"",""number"":5}"
"imp-16-22";"20";"main";"fixed";"B";"niebieski";"";"{""type"":""startNumber"",""number"":14}"
"imp-16-22";"20";"main";"fixed";"C";"biały";"";"{""type"":""startNumber"",""number"":11}"
"imp-16-22";"20";"main";"fixed";"D";"żółty";"";"{""type"":""startNumber"",""number"":4}"
"imp-16-22";"21";"last-chance";"rider-choice";"";"";"";"{""type"":""rank"",""ranking"":""main"",""place"":3}"
"imp-16-22";"21";"last-chance";"rider-choice";"";"";"";"{""type"":""rank"",""ranking"":""main"",""place"":4}"
"imp-16-22";"21";"last-chance";"rider-choice";"";"";"";"{""type"":""rank"",""ranking"":""main"",""place"":5}"
"imp-16-22";"21";"last-chance";"rider-choice";"";"";"";"{""type"":""rank"",""ranking"":""main"",""place"":6}"
"imp-16-22";"22";"final";"rider-choice";"";"";"";"{""type"":""rank"",""ranking"":""main"",""place"":1}"
"imp-16-22";"22";"final";"rider-choice";"";"";"";"{""type"":""rank"",""ranking"":""main"",""place"":2}"
"imp-16-22";"22";"final";"rider-choice";"";"";"";"{""type"":""result"",""heat"":21,""place"":1}"
"imp-16-22";"22";"final";"rider-choice";"";"";"";"{""type"":""result"",""heat"":21,""place"":2}"
"mini-imp-16-22";"1";"main";"fixed";"A";"czerwony";"";"{""type"":""startNumber"",""number"":1}"
"mini-imp-16-22";"1";"main";"fixed";"B";"niebieski";"";"{""type"":""startNumber"",""number"":2}"
"mini-imp-16-22";"1";"main";"fixed";"C";"biały";"";"{""type"":""startNumber"",""number"":3}"
"mini-imp-16-22";"1";"main";"fixed";"D";"żółty";"";"{""type"":""startNumber"",""number"":4}"
"mini-imp-16-22";"2";"main";"fixed";"A";"czerwony";"";"{""type"":""startNumber"",""number"":5}"
"mini-imp-16-22";"2";"main";"fixed";"B";"niebieski";"";"{""type"":""startNumber"",""number"":7}"
"mini-imp-16-22";"2";"main";"fixed";"C";"biały";"";"{""type"":""startNumber"",""number"":6}"
"mini-imp-16-22";"2";"main";"fixed";"D";"żółty";"";"{""type"":""startNumber"",""number"":8}"
"mini-imp-16-22";"3";"main";"fixed";"A";"czerwony";"";"{""type"":""startNumber"",""number"":10}"
"mini-imp-16-22";"3";"main";"fixed";"B";"niebieski";"";"{""type"":""startNumber"",""number"":11}"
"mini-imp-16-22";"3";"main";"fixed";"C";"biały";"";"{""type"":""startNumber"",""number"":9}"
"mini-imp-16-22";"3";"main";"fixed";"D";"żółty";"";"{""type"":""startNumber"",""number"":12}"
"mini-imp-16-22";"4";"main";"fixed";"A";"czerwony";"";"{""type"":""startNumber"",""number"":15}"
"mini-imp-16-22";"4";"main";"fixed";"B";"niebieski";"";"{""type"":""startNumber"",""number"":14}"
"mini-imp-16-22";"4";"main";"fixed";"C";"biały";"";"{""type"":""startNumber"",""number"":16}"
"mini-imp-16-22";"4";"main";"fixed";"D";"żółty";"";"{""type"":""startNumber"",""number"":13}"
"mini-imp-16-22";"5";"main";"fixed";"A";"czerwony";"";"{""type"":""startNumber"",""number"":13}"
"mini-imp-16-22";"5";"main";"fixed";"B";"niebieski";"";"{""type"":""startNumber"",""number"":1}"
"mini-imp-16-22";"5";"main";"fixed";"C";"biały";"";"{""type"":""startNumber"",""number"":5}"
"mini-imp-16-22";"5";"main";"fixed";"D";"żółty";"";"{""type"":""startNumber"",""number"":9}"
"mini-imp-16-22";"6";"main";"fixed";"A";"czerwony";"";"{""type"":""startNumber"",""number"":14}"
"mini-imp-16-22";"6";"main";"fixed";"B";"niebieski";"";"{""type"":""startNumber"",""number"":10}"
"mini-imp-16-22";"6";"main";"fixed";"C";"biały";"";"{""type"":""startNumber"",""number"":2}"
"mini-imp-16-22";"6";"main";"fixed";"D";"żółty";"";"{""type"":""startNumber"",""number"":6}"
"mini-imp-16-22";"7";"main";"fixed";"A";"czerwony";"";"{""type"":""startNumber"",""number"":11}"
"mini-imp-16-22";"7";"main";"fixed";"B";"niebieski";"";"{""type"":""startNumber"",""number"":15}"
"mini-imp-16-22";"7";"main";"fixed";"C";"biały";"";"{""type"":""startNumber"",""number"":7}"
"mini-imp-16-22";"7";"main";"fixed";"D";"żółty";"";"{""type"":""startNumber"",""number"":3}"
"mini-imp-16-22";"8";"main";"fixed";"A";"czerwony";"";"{""type"":""startNumber"",""number"":4}"
"mini-imp-16-22";"8";"main";"fixed";"B";"niebieski";"";"{""type"":""startNumber"",""number"":8}"
"mini-imp-16-22";"8";"main";"fixed";"C";"biały";"";"{""type"":""startNumber"",""number"":12}"
"mini-imp-16-22";"8";"main";"fixed";"D";"żółty";"";"{""type"":""startNumber"",""number"":16}"
"mini-imp-16-22";"9";"main";"fixed";"A";"czerwony";"";"{""type"":""startNumber"",""number"":6}"
"mini-imp-16-22";"9";"main";"fixed";"B";"niebieski";"";"{""type"":""startNumber"",""number"":16}"
"mini-imp-16-22";"9";"main";"fixed";"C";"biały";"";"{""type"":""startNumber"",""number"":1}"
"mini-imp-16-22";"9";"main";"fixed";"D";"żółty";"";"{""type"":""startNumber"",""number"":11}"
"mini-imp-16-22";"10";"main";"fixed";"A";"czerwony";"";"{""type"":""startNumber"",""number"":12}"
"mini-imp-16-22";"10";"main";"fixed";"B";"niebieski";"";"{""type"":""startNumber"",""number"":5}"
"mini-imp-16-22";"10";"main";"fixed";"C";"biały";"";"{""type"":""startNumber"",""number"":15}"
"mini-imp-16-22";"10";"main";"fixed";"D";"żółty";"";"{""type"":""startNumber"",""number"":2}"
"mini-imp-16-22";"11";"main";"fixed";"A";"czerwony";"";"{""type"":""startNumber"",""number"":8}"
"mini-imp-16-22";"11";"main";"fixed";"B";"niebieski";"";"{""type"":""startNumber"",""number"":9}"
"mini-imp-16-22";"11";"main";"fixed";"C";"biały";"";"{""type"":""startNumber"",""number"":3}"
"mini-imp-16-22";"11";"main";"fixed";"D";"żółty";"";"{""type"":""startNumber"",""number"":14}"
"mini-imp-16-22";"12";"main";"fixed";"A";"czerwony";"";"{""type"":""startNumber"",""number"":13}"
"mini-imp-16-22";"12";"main";"fixed";"B";"niebieski";"";"{""type"":""startNumber"",""number"":4}"
"mini-imp-16-22";"12";"main";"fixed";"C";"biały";"";"{""type"":""startNumber"",""number"":10}"
"mini-imp-16-22";"12";"main";"fixed";"D";"żółty";"";"{""type"":""startNumber"",""number"":7}"
"mini-imp-16-22";"13";"main";"fixed";"A";"czerwony";"";"{""type"":""startNumber"",""number"":7}"
"mini-imp-16-22";"13";"main";"fixed";"B";"niebieski";"";"{""type"":""startNumber"",""number"":12}"
"mini-imp-16-22";"13";"main";"fixed";"C";"biały";"";"{""type"":""startNumber"",""number"":14}"
"mini-imp-16-22";"13";"main";"fixed";"D";"żółty";"";"{""type"":""startNumber"",""number"":1}"
"mini-imp-16-22";"14";"main";"fixed";"A";"czerwony";"";"{""type"":""startNumber"",""number"":2}"
"mini-imp-16-22";"14";"main";"fixed";"B";"niebieski";"";"{""type"":""startNumber"",""number"":13}"
"mini-imp-16-22";"14";"main";"fixed";"C";"biały";"";"{""type"":""startNumber"",""number"":8}"
"mini-imp-16-22";"14";"main";"fixed";"D";"żółty";"";"{""type"":""startNumber"",""number"":11}"
"mini-imp-16-22";"15";"main";"fixed";"A";"czerwony";"";"{""type"":""startNumber"",""number"":16}"
"mini-imp-16-22";"15";"main";"fixed";"B";"niebieski";"";"{""type"":""startNumber"",""number"":3}"
"mini-imp-16-22";"15";"main";"fixed";"C";"biały";"";"{""type"":""startNumber"",""number"":10}"
"mini-imp-16-22";"15";"main";"fixed";"D";"żółty";"";"{""type"":""startNumber"",""number"":5}"
"mini-imp-16-22";"16";"main";"fixed";"A";"czerwony";"";"{""type"":""startNumber"",""number"":9}"
"mini-imp-16-22";"16";"main";"fixed";"B";"niebieski";"";"{""type"":""startNumber"",""number"":6}"
"mini-imp-16-22";"16";"main";"fixed";"C";"biały";"";"{""type"":""startNumber"",""number"":4}"
"mini-imp-16-22";"16";"main";"fixed";"D";"żółty";"";"{""type"":""startNumber"",""number"":15}"
"mini-imp-16-22";"17";"main";"fixed";"A";"czerwony";"";"{""type"":""startNumber"",""number"":1}"
"mini-imp-16-22";"17";"main";"fixed";"B";"niebieski";"";"{""type"":""startNumber"",""number"":8}"
"mini-imp-16-22";"17";"main";"fixed";"C";"biały";"";"{""type"":""startNumber"",""number"":15}"
"mini-imp-16-22";"17";"main";"fixed";"D";"żółty";"";"{""type"":""startNumber"",""number"":10}"
"mini-imp-16-22";"18";"main";"fixed";"A";"czerwony";"";"{""type"":""startNumber"",""number"":9}"
"mini-imp-16-22";"18";"main";"fixed";"B";"niebieski";"";"{""type"":""startNumber"",""number"":2}"
"mini-imp-16-22";"18";"main";"fixed";"C";"biały";"";"{""type"":""startNumber"",""number"":7}"
"mini-imp-16-22";"18";"main";"fixed";"D";"żółty";"";"{""type"":""startNumber"",""number"":16}"
"mini-imp-16-22";"19";"main";"fixed";"A";"czerwony";"";"{""type"":""startNumber"",""number"":3}"
"mini-imp-16-22";"19";"main";"fixed";"B";"niebieski";"";"{""type"":""startNumber"",""number"":12}"
"mini-imp-16-22";"19";"main";"fixed";"C";"biały";"";"{""type"":""startNumber"",""number"":13}"
"mini-imp-16-22";"19";"main";"fixed";"D";"żółty";"";"{""type"":""startNumber"",""number"":6}"
"mini-imp-16-22";"20";"main";"fixed";"A";"czerwony";"";"{""type"":""startNumber"",""number"":5}"
"mini-imp-16-22";"20";"main";"fixed";"B";"niebieski";"";"{""type"":""startNumber"",""number"":14}"
"mini-imp-16-22";"20";"main";"fixed";"C";"biały";"";"{""type"":""startNumber"",""number"":11}"
"mini-imp-16-22";"20";"main";"fixed";"D";"żółty";"";"{""type"":""startNumber"",""number"":4}"
"mini-imp-16-22";"21";"last-chance";"rider-choice";"";"";"";"{""type"":""rank"",""ranking"":""main"",""place"":3}"
"mini-imp-16-22";"21";"last-chance";"rider-choice";"";"";"";"{""type"":""rank"",""ranking"":""main"",""place"":4}"
"mini-imp-16-22";"21";"last-chance";"rider-choice";"";"";"";"{""type"":""rank"",""ranking"":""main"",""place"":5}"
"mini-imp-16-22";"21";"last-chance";"rider-choice";"";"";"";"{""type"":""rank"",""ranking"":""main"",""place"":6}"
"mini-imp-16-22";"22";"final";"rider-choice";"";"";"";"{""type"":""rank"",""ranking"":""main"",""place"":1}"
"mini-imp-16-22";"22";"final";"rider-choice";"";"";"";"{""type"":""rank"",""ranking"":""main"",""place"":2}"
"mini-imp-16-22";"22";"final";"rider-choice";"";"";"";"{""type"":""result"",""heat"":21,""place"":1}"
"mini-imp-16-22";"22";"final";"rider-choice";"";"";"";"{""type"":""result"",""heat"":21,""place"":2}"
"imp500-16-22";"1";"main";"fixed";"A";"czerwony";"";"{""type"":""startNumber"",""number"":1}"
"imp500-16-22";"1";"main";"fixed";"B";"niebieski";"";"{""type"":""startNumber"",""number"":2}"
"imp500-16-22";"1";"main";"fixed";"C";"biały";"";"{""type"":""startNumber"",""number"":3}"
"imp500-16-22";"1";"main";"fixed";"D";"żółty";"";"{""type"":""startNumber"",""number"":4}"
"imp500-16-22";"2";"main";"fixed";"A";"czerwony";"";"{""type"":""startNumber"",""number"":5}"
"imp500-16-22";"2";"main";"fixed";"B";"niebieski";"";"{""type"":""startNumber"",""number"":7}"
"imp500-16-22";"2";"main";"fixed";"C";"biały";"";"{""type"":""startNumber"",""number"":6}"
"imp500-16-22";"2";"main";"fixed";"D";"żółty";"";"{""type"":""startNumber"",""number"":8}"
"imp500-16-22";"3";"main";"fixed";"A";"czerwony";"";"{""type"":""startNumber"",""number"":10}"
"imp500-16-22";"3";"main";"fixed";"B";"niebieski";"";"{""type"":""startNumber"",""number"":11}"
"imp500-16-22";"3";"main";"fixed";"C";"biały";"";"{""type"":""startNumber"",""number"":9}"
"imp500-16-22";"3";"main";"fixed";"D";"żółty";"";"{""type"":""startNumber"",""number"":12}"
"imp500-16-22";"4";"main";"fixed";"A";"czerwony";"";"{""type"":""startNumber"",""number"":15}"
"imp500-16-22";"4";"main";"fixed";"B";"niebieski";"";"{""type"":""startNumber"",""number"":14}"
"imp500-16-22";"4";"main";"fixed";"C";"biały";"";"{""type"":""startNumber"",""number"":16}"
"imp500-16-22";"4";"main";"fixed";"D";"żółty";"";"{""type"":""startNumber"",""number"":13}"
"imp500-16-22";"5";"main";"fixed";"A";"czerwony";"";"{""type"":""startNumber"",""number"":13}"
"imp500-16-22";"5";"main";"fixed";"B";"niebieski";"";"{""type"":""startNumber"",""number"":1}"
"imp500-16-22";"5";"main";"fixed";"C";"biały";"";"{""type"":""startNumber"",""number"":5}"
"imp500-16-22";"5";"main";"fixed";"D";"żółty";"";"{""type"":""startNumber"",""number"":9}"
"imp500-16-22";"6";"main";"fixed";"A";"czerwony";"";"{""type"":""startNumber"",""number"":14}"
"imp500-16-22";"6";"main";"fixed";"B";"niebieski";"";"{""type"":""startNumber"",""number"":10}"
"imp500-16-22";"6";"main";"fixed";"C";"biały";"";"{""type"":""startNumber"",""number"":2}"
"imp500-16-22";"6";"main";"fixed";"D";"żółty";"";"{""type"":""startNumber"",""number"":6}"
"imp500-16-22";"7";"main";"fixed";"A";"czerwony";"";"{""type"":""startNumber"",""number"":11}"
"imp500-16-22";"7";"main";"fixed";"B";"niebieski";"";"{""type"":""startNumber"",""number"":15}"
"imp500-16-22";"7";"main";"fixed";"C";"biały";"";"{""type"":""startNumber"",""number"":7}"
"imp500-16-22";"7";"main";"fixed";"D";"żółty";"";"{""type"":""startNumber"",""number"":3}"
"imp500-16-22";"8";"main";"fixed";"A";"czerwony";"";"{""type"":""startNumber"",""number"":4}"
"imp500-16-22";"8";"main";"fixed";"B";"niebieski";"";"{""type"":""startNumber"",""number"":8}"
"imp500-16-22";"8";"main";"fixed";"C";"biały";"";"{""type"":""startNumber"",""number"":12}"
"imp500-16-22";"8";"main";"fixed";"D";"żółty";"";"{""type"":""startNumber"",""number"":16}"
"imp500-16-22";"9";"main";"fixed";"A";"czerwony";"";"{""type"":""startNumber"",""number"":6}"
"imp500-16-22";"9";"main";"fixed";"B";"niebieski";"";"{""type"":""startNumber"",""number"":16}"
"imp500-16-22";"9";"main";"fixed";"C";"biały";"";"{""type"":""startNumber"",""number"":1}"
"imp500-16-22";"9";"main";"fixed";"D";"żółty";"";"{""type"":""startNumber"",""number"":11}"
"imp500-16-22";"10";"main";"fixed";"A";"czerwony";"";"{""type"":""startNumber"",""number"":12}"
"imp500-16-22";"10";"main";"fixed";"B";"niebieski";"";"{""type"":""startNumber"",""number"":5}"
"imp500-16-22";"10";"main";"fixed";"C";"biały";"";"{""type"":""startNumber"",""number"":15}"
"imp500-16-22";"10";"main";"fixed";"D";"żółty";"";"{""type"":""startNumber"",""number"":2}"
"imp500-16-22";"11";"main";"fixed";"A";"czerwony";"";"{""type"":""startNumber"",""number"":8}"
"imp500-16-22";"11";"main";"fixed";"B";"niebieski";"";"{""type"":""startNumber"",""number"":9}"
"imp500-16-22";"11";"main";"fixed";"C";"biały";"";"{""type"":""startNumber"",""number"":3}"
"imp500-16-22";"11";"main";"fixed";"D";"żółty";"";"{""type"":""startNumber"",""number"":14}"
"imp500-16-22";"12";"main";"fixed";"A";"czerwony";"";"{""type"":""startNumber"",""number"":13}"
"imp500-16-22";"12";"main";"fixed";"B";"niebieski";"";"{""type"":""startNumber"",""number"":4}"
"imp500-16-22";"12";"main";"fixed";"C";"biały";"";"{""type"":""startNumber"",""number"":10}"
"imp500-16-22";"12";"main";"fixed";"D";"żółty";"";"{""type"":""startNumber"",""number"":7}"
"imp500-16-22";"13";"main";"fixed";"A";"czerwony";"";"{""type"":""startNumber"",""number"":7}"
"imp500-16-22";"13";"main";"fixed";"B";"niebieski";"";"{""type"":""startNumber"",""number"":12}"
"imp500-16-22";"13";"main";"fixed";"C";"biały";"";"{""type"":""startNumber"",""number"":14}"
"imp500-16-22";"13";"main";"fixed";"D";"żółty";"";"{""type"":""startNumber"",""number"":1}"
"imp500-16-22";"14";"main";"fixed";"A";"czerwony";"";"{""type"":""startNumber"",""number"":2}"
"imp500-16-22";"14";"main";"fixed";"B";"niebieski";"";"{""type"":""startNumber"",""number"":13}"
"imp500-16-22";"14";"main";"fixed";"C";"biały";"";"{""type"":""startNumber"",""number"":8}"
"imp500-16-22";"14";"main";"fixed";"D";"żółty";"";"{""type"":""startNumber"",""number"":11}"
"imp500-16-22";"15";"main";"fixed";"A";"czerwony";"";"{""type"":""startNumber"",""number"":16}"
"imp500-16-22";"15";"main";"fixed";"B";"niebieski";"";"{""type"":""startNumber"",""number"":3}"
"imp500-16-22";"15";"main";"fixed";"C";"biały";"";"{""type"":""startNumber"",""number"":10}"
"imp500-16-22";"15";"main";"fixed";"D";"żółty";"";"{""type"":""startNumber"",""number"":5}"
"imp500-16-22";"16";"main";"fixed";"A";"czerwony";"";"{""type"":""startNumber"",""number"":9}"
"imp500-16-22";"16";"main";"fixed";"B";"niebieski";"";"{""type"":""startNumber"",""number"":6}"
"imp500-16-22";"16";"main";"fixed";"C";"biały";"";"{""type"":""startNumber"",""number"":4}"
"imp500-16-22";"16";"main";"fixed";"D";"żółty";"";"{""type"":""startNumber"",""number"":15}"
"imp500-16-22";"17";"main";"fixed";"A";"czerwony";"";"{""type"":""startNumber"",""number"":1}"
"imp500-16-22";"17";"main";"fixed";"B";"niebieski";"";"{""type"":""startNumber"",""number"":8}"
"imp500-16-22";"17";"main";"fixed";"C";"biały";"";"{""type"":""startNumber"",""number"":15}"
"imp500-16-22";"17";"main";"fixed";"D";"żółty";"";"{""type"":""startNumber"",""number"":10}"
"imp500-16-22";"18";"main";"fixed";"A";"czerwony";"";"{""type"":""startNumber"",""number"":9}"
"imp500-16-22";"18";"main";"fixed";"B";"niebieski";"";"{""type"":""startNumber"",""number"":2}"
"imp500-16-22";"18";"main";"fixed";"C";"biały";"";"{""type"":""startNumber"",""number"":7}"
"imp500-16-22";"18";"main";"fixed";"D";"żółty";"";"{""type"":""startNumber"",""number"":16}"
"imp500-16-22";"19";"main";"fixed";"A";"czerwony";"";"{""type"":""startNumber"",""number"":3}"
"imp500-16-22";"19";"main";"fixed";"B";"niebieski";"";"{""type"":""startNumber"",""number"":12}"
"imp500-16-22";"19";"main";"fixed";"C";"biały";"";"{""type"":""startNumber"",""number"":13}"
"imp500-16-22";"19";"main";"fixed";"D";"żółty";"";"{""type"":""startNumber"",""number"":6}"
"imp500-16-22";"20";"main";"fixed";"A";"czerwony";"";"{""type"":""startNumber"",""number"":5}"
"imp500-16-22";"20";"main";"fixed";"B";"niebieski";"";"{""type"":""startNumber"",""number"":14}"
"imp500-16-22";"20";"main";"fixed";"C";"biały";"";"{""type"":""startNumber"",""number"":11}"
"imp500-16-22";"20";"main";"fixed";"D";"żółty";"";"{""type"":""startNumber"",""number"":4}"
"imp500-16-22";"21";"last-chance";"rider-choice";"";"";"";"{""type"":""rank"",""ranking"":""main"",""place"":3}"
"imp500-16-22";"21";"last-chance";"rider-choice";"";"";"";"{""type"":""rank"",""ranking"":""main"",""place"":4}"
"imp500-16-22";"21";"last-chance";"rider-choice";"";"";"";"{""type"":""rank"",""ranking"":""main"",""place"":5}"
"imp500-16-22";"21";"last-chance";"rider-choice";"";"";"";"{""type"":""rank"",""ranking"":""main"",""place"":6}"
"imp500-16-22";"22";"final";"rider-choice";"";"";"";"{""type"":""rank"",""ranking"":""main"",""place"":1}"
"imp500-16-22";"22";"final";"rider-choice";"";"";"";"{""type"":""rank"",""ranking"":""main"",""place"":2}"
"imp500-16-22";"22";"final";"rider-choice";"";"";"";"{""type"":""result"",""heat"":21,""place"":1}"
"imp500-16-22";"22";"final";"rider-choice";"";"";"";"{""type"":""result"",""heat"":21,""place"":2}"
"sec-16-22";"1";"main";"fixed";"A";"czerwony";"";"{""type"":""startNumber"",""number"":1}"
"sec-16-22";"1";"main";"fixed";"B";"niebieski";"";"{""type"":""startNumber"",""number"":2}"
"sec-16-22";"1";"main";"fixed";"C";"biały";"";"{""type"":""startNumber"",""number"":3}"
"sec-16-22";"1";"main";"fixed";"D";"żółty";"";"{""type"":""startNumber"",""number"":4}"
"sec-16-22";"2";"main";"fixed";"A";"czerwony";"";"{""type"":""startNumber"",""number"":5}"
"sec-16-22";"2";"main";"fixed";"B";"niebieski";"";"{""type"":""startNumber"",""number"":7}"
"sec-16-22";"2";"main";"fixed";"C";"biały";"";"{""type"":""startNumber"",""number"":6}"
"sec-16-22";"2";"main";"fixed";"D";"żółty";"";"{""type"":""startNumber"",""number"":8}"
"sec-16-22";"3";"main";"fixed";"A";"czerwony";"";"{""type"":""startNumber"",""number"":10}"
"sec-16-22";"3";"main";"fixed";"B";"niebieski";"";"{""type"":""startNumber"",""number"":11}"
"sec-16-22";"3";"main";"fixed";"C";"biały";"";"{""type"":""startNumber"",""number"":9}"
"sec-16-22";"3";"main";"fixed";"D";"żółty";"";"{""type"":""startNumber"",""number"":12}"
"sec-16-22";"4";"main";"fixed";"A";"czerwony";"";"{""type"":""startNumber"",""number"":15}"
"sec-16-22";"4";"main";"fixed";"B";"niebieski";"";"{""type"":""startNumber"",""number"":14}"
"sec-16-22";"4";"main";"fixed";"C";"biały";"";"{""type"":""startNumber"",""number"":16}"
"sec-16-22";"4";"main";"fixed";"D";"żółty";"";"{""type"":""startNumber"",""number"":13}"
"sec-16-22";"5";"main";"fixed";"A";"czerwony";"";"{""type"":""startNumber"",""number"":13}"
"sec-16-22";"5";"main";"fixed";"B";"niebieski";"";"{""type"":""startNumber"",""number"":1}"
"sec-16-22";"5";"main";"fixed";"C";"biały";"";"{""type"":""startNumber"",""number"":5}"
"sec-16-22";"5";"main";"fixed";"D";"żółty";"";"{""type"":""startNumber"",""number"":9}"
"sec-16-22";"6";"main";"fixed";"A";"czerwony";"";"{""type"":""startNumber"",""number"":14}"
"sec-16-22";"6";"main";"fixed";"B";"niebieski";"";"{""type"":""startNumber"",""number"":10}"
"sec-16-22";"6";"main";"fixed";"C";"biały";"";"{""type"":""startNumber"",""number"":2}"
"sec-16-22";"6";"main";"fixed";"D";"żółty";"";"{""type"":""startNumber"",""number"":6}"
"sec-16-22";"7";"main";"fixed";"A";"czerwony";"";"{""type"":""startNumber"",""number"":11}"
"sec-16-22";"7";"main";"fixed";"B";"niebieski";"";"{""type"":""startNumber"",""number"":15}"
"sec-16-22";"7";"main";"fixed";"C";"biały";"";"{""type"":""startNumber"",""number"":7}"
"sec-16-22";"7";"main";"fixed";"D";"żółty";"";"{""type"":""startNumber"",""number"":3}"
"sec-16-22";"8";"main";"fixed";"A";"czerwony";"";"{""type"":""startNumber"",""number"":4}"
"sec-16-22";"8";"main";"fixed";"B";"niebieski";"";"{""type"":""startNumber"",""number"":8}"
"sec-16-22";"8";"main";"fixed";"C";"biały";"";"{""type"":""startNumber"",""number"":12}"
"sec-16-22";"8";"main";"fixed";"D";"żółty";"";"{""type"":""startNumber"",""number"":16}"
"sec-16-22";"9";"main";"fixed";"A";"czerwony";"";"{""type"":""startNumber"",""number"":6}"
"sec-16-22";"9";"main";"fixed";"B";"niebieski";"";"{""type"":""startNumber"",""number"":16}"
"sec-16-22";"9";"main";"fixed";"C";"biały";"";"{""type"":""startNumber"",""number"":1}"
"sec-16-22";"9";"main";"fixed";"D";"żółty";"";"{""type"":""startNumber"",""number"":11}"
"sec-16-22";"10";"main";"fixed";"A";"czerwony";"";"{""type"":""startNumber"",""number"":12}"
"sec-16-22";"10";"main";"fixed";"B";"niebieski";"";"{""type"":""startNumber"",""number"":5}"
"sec-16-22";"10";"main";"fixed";"C";"biały";"";"{""type"":""startNumber"",""number"":15}"
"sec-16-22";"10";"main";"fixed";"D";"żółty";"";"{""type"":""startNumber"",""number"":2}"
"sec-16-22";"11";"main";"fixed";"A";"czerwony";"";"{""type"":""startNumber"",""number"":8}"
"sec-16-22";"11";"main";"fixed";"B";"niebieski";"";"{""type"":""startNumber"",""number"":9}"
"sec-16-22";"11";"main";"fixed";"C";"biały";"";"{""type"":""startNumber"",""number"":3}"
"sec-16-22";"11";"main";"fixed";"D";"żółty";"";"{""type"":""startNumber"",""number"":14}"
"sec-16-22";"12";"main";"fixed";"A";"czerwony";"";"{""type"":""startNumber"",""number"":13}"
"sec-16-22";"12";"main";"fixed";"B";"niebieski";"";"{""type"":""startNumber"",""number"":4}"
"sec-16-22";"12";"main";"fixed";"C";"biały";"";"{""type"":""startNumber"",""number"":10}"
"sec-16-22";"12";"main";"fixed";"D";"żółty";"";"{""type"":""startNumber"",""number"":7}"
"sec-16-22";"13";"main";"fixed";"A";"czerwony";"";"{""type"":""startNumber"",""number"":7}"
"sec-16-22";"13";"main";"fixed";"B";"niebieski";"";"{""type"":""startNumber"",""number"":12}"
"sec-16-22";"13";"main";"fixed";"C";"biały";"";"{""type"":""startNumber"",""number"":14}"
"sec-16-22";"13";"main";"fixed";"D";"żółty";"";"{""type"":""startNumber"",""number"":1}"
"sec-16-22";"14";"main";"fixed";"A";"czerwony";"";"{""type"":""startNumber"",""number"":2}"
"sec-16-22";"14";"main";"fixed";"B";"niebieski";"";"{""type"":""startNumber"",""number"":13}"
"sec-16-22";"14";"main";"fixed";"C";"biały";"";"{""type"":""startNumber"",""number"":8}"
"sec-16-22";"14";"main";"fixed";"D";"żółty";"";"{""type"":""startNumber"",""number"":11}"
"sec-16-22";"15";"main";"fixed";"A";"czerwony";"";"{""type"":""startNumber"",""number"":16}"
"sec-16-22";"15";"main";"fixed";"B";"niebieski";"";"{""type"":""startNumber"",""number"":3}"
"sec-16-22";"15";"main";"fixed";"C";"biały";"";"{""type"":""startNumber"",""number"":10}"
"sec-16-22";"15";"main";"fixed";"D";"żółty";"";"{""type"":""startNumber"",""number"":5}"
"sec-16-22";"16";"main";"fixed";"A";"czerwony";"";"{""type"":""startNumber"",""number"":9}"
"sec-16-22";"16";"main";"fixed";"B";"niebieski";"";"{""type"":""startNumber"",""number"":6}"
"sec-16-22";"16";"main";"fixed";"C";"biały";"";"{""type"":""startNumber"",""number"":4}"
"sec-16-22";"16";"main";"fixed";"D";"żółty";"";"{""type"":""startNumber"",""number"":15}"
"sec-16-22";"17";"main";"fixed";"A";"czerwony";"";"{""type"":""startNumber"",""number"":1}"
"sec-16-22";"17";"main";"fixed";"B";"niebieski";"";"{""type"":""startNumber"",""number"":8}"
"sec-16-22";"17";"main";"fixed";"C";"biały";"";"{""type"":""startNumber"",""number"":15}"
"sec-16-22";"17";"main";"fixed";"D";"żółty";"";"{""type"":""startNumber"",""number"":10}"
"sec-16-22";"18";"main";"fixed";"A";"czerwony";"";"{""type"":""startNumber"",""number"":9}"
"sec-16-22";"18";"main";"fixed";"B";"niebieski";"";"{""type"":""startNumber"",""number"":2}"
"sec-16-22";"18";"main";"fixed";"C";"biały";"";"{""type"":""startNumber"",""number"":7}"
"sec-16-22";"18";"main";"fixed";"D";"żółty";"";"{""type"":""startNumber"",""number"":16}"
"sec-16-22";"19";"main";"fixed";"A";"czerwony";"";"{""type"":""startNumber"",""number"":3}"
"sec-16-22";"19";"main";"fixed";"B";"niebieski";"";"{""type"":""startNumber"",""number"":12}"
"sec-16-22";"19";"main";"fixed";"C";"biały";"";"{""type"":""startNumber"",""number"":13}"
"sec-16-22";"19";"main";"fixed";"D";"żółty";"";"{""type"":""startNumber"",""number"":6}"
"sec-16-22";"20";"main";"fixed";"A";"czerwony";"";"{""type"":""startNumber"",""number"":5}"
"sec-16-22";"20";"main";"fixed";"B";"niebieski";"";"{""type"":""startNumber"",""number"":14}"
"sec-16-22";"20";"main";"fixed";"C";"biały";"";"{""type"":""startNumber"",""number"":11}"
"sec-16-22";"20";"main";"fixed";"D";"żółty";"";"{""type"":""startNumber"",""number"":4}"
"sec-16-22";"21";"last-chance";"rider-choice";"";"";"";"{""type"":""rank"",""ranking"":""main"",""place"":3}"
"sec-16-22";"21";"last-chance";"rider-choice";"";"";"";"{""type"":""rank"",""ranking"":""main"",""place"":4}"
"sec-16-22";"21";"last-chance";"rider-choice";"";"";"";"{""type"":""rank"",""ranking"":""main"",""place"":5}"
"sec-16-22";"21";"last-chance";"rider-choice";"";"";"";"{""type"":""rank"",""ranking"":""main"",""place"":6}"
"sec-16-22";"22";"final";"rider-choice";"";"";"";"{""type"":""rank"",""ranking"":""main"",""place"":1}"
"sec-16-22";"22";"final";"rider-choice";"";"";"";"{""type"":""rank"",""ranking"":""main"",""place"":2}"
"sec-16-22";"22";"final";"rider-choice";"";"";"";"{""type"":""result"",""heat"":21,""place"":1}"
"sec-16-22";"22";"final";"rider-choice";"";"";"";"{""type"":""result"",""heat"":21,""place"":2}"
"sgp-16-23";"1";"main";"fixed";"A";"czerwony";"";"{""type"":""startNumber"",""number"":1}"
"sgp-16-23";"1";"main";"fixed";"B";"niebieski";"";"{""type"":""startNumber"",""number"":2}"
"sgp-16-23";"1";"main";"fixed";"C";"biały";"";"{""type"":""startNumber"",""number"":3}"
"sgp-16-23";"1";"main";"fixed";"D";"żółty";"";"{""type"":""startNumber"",""number"":4}"
"sgp-16-23";"2";"main";"fixed";"A";"czerwony";"";"{""type"":""startNumber"",""number"":5}"
"sgp-16-23";"2";"main";"fixed";"B";"niebieski";"";"{""type"":""startNumber"",""number"":7}"
"sgp-16-23";"2";"main";"fixed";"C";"biały";"";"{""type"":""startNumber"",""number"":6}"
"sgp-16-23";"2";"main";"fixed";"D";"żółty";"";"{""type"":""startNumber"",""number"":8}"
"sgp-16-23";"3";"main";"fixed";"A";"czerwony";"";"{""type"":""startNumber"",""number"":10}"
"sgp-16-23";"3";"main";"fixed";"B";"niebieski";"";"{""type"":""startNumber"",""number"":11}"
"sgp-16-23";"3";"main";"fixed";"C";"biały";"";"{""type"":""startNumber"",""number"":9}"
"sgp-16-23";"3";"main";"fixed";"D";"żółty";"";"{""type"":""startNumber"",""number"":12}"
"sgp-16-23";"4";"main";"fixed";"A";"czerwony";"";"{""type"":""startNumber"",""number"":15}"
"sgp-16-23";"4";"main";"fixed";"B";"niebieski";"";"{""type"":""startNumber"",""number"":14}"
"sgp-16-23";"4";"main";"fixed";"C";"biały";"";"{""type"":""startNumber"",""number"":16}"
"sgp-16-23";"4";"main";"fixed";"D";"żółty";"";"{""type"":""startNumber"",""number"":13}"
"sgp-16-23";"5";"main";"fixed";"A";"czerwony";"";"{""type"":""startNumber"",""number"":13}"
"sgp-16-23";"5";"main";"fixed";"B";"niebieski";"";"{""type"":""startNumber"",""number"":1}"
"sgp-16-23";"5";"main";"fixed";"C";"biały";"";"{""type"":""startNumber"",""number"":5}"
"sgp-16-23";"5";"main";"fixed";"D";"żółty";"";"{""type"":""startNumber"",""number"":9}"
"sgp-16-23";"6";"main";"fixed";"A";"czerwony";"";"{""type"":""startNumber"",""number"":14}"
"sgp-16-23";"6";"main";"fixed";"B";"niebieski";"";"{""type"":""startNumber"",""number"":10}"
"sgp-16-23";"6";"main";"fixed";"C";"biały";"";"{""type"":""startNumber"",""number"":2}"
"sgp-16-23";"6";"main";"fixed";"D";"żółty";"";"{""type"":""startNumber"",""number"":6}"
"sgp-16-23";"7";"main";"fixed";"A";"czerwony";"";"{""type"":""startNumber"",""number"":11}"
"sgp-16-23";"7";"main";"fixed";"B";"niebieski";"";"{""type"":""startNumber"",""number"":15}"
"sgp-16-23";"7";"main";"fixed";"C";"biały";"";"{""type"":""startNumber"",""number"":7}"
"sgp-16-23";"7";"main";"fixed";"D";"żółty";"";"{""type"":""startNumber"",""number"":3}"
"sgp-16-23";"8";"main";"fixed";"A";"czerwony";"";"{""type"":""startNumber"",""number"":4}"
"sgp-16-23";"8";"main";"fixed";"B";"niebieski";"";"{""type"":""startNumber"",""number"":8}"
"sgp-16-23";"8";"main";"fixed";"C";"biały";"";"{""type"":""startNumber"",""number"":12}"
"sgp-16-23";"8";"main";"fixed";"D";"żółty";"";"{""type"":""startNumber"",""number"":16}"
"sgp-16-23";"9";"main";"fixed";"A";"czerwony";"";"{""type"":""startNumber"",""number"":6}"
"sgp-16-23";"9";"main";"fixed";"B";"niebieski";"";"{""type"":""startNumber"",""number"":16}"
"sgp-16-23";"9";"main";"fixed";"C";"biały";"";"{""type"":""startNumber"",""number"":1}"
"sgp-16-23";"9";"main";"fixed";"D";"żółty";"";"{""type"":""startNumber"",""number"":11}"
"sgp-16-23";"10";"main";"fixed";"A";"czerwony";"";"{""type"":""startNumber"",""number"":12}"
"sgp-16-23";"10";"main";"fixed";"B";"niebieski";"";"{""type"":""startNumber"",""number"":5}"
"sgp-16-23";"10";"main";"fixed";"C";"biały";"";"{""type"":""startNumber"",""number"":15}"
"sgp-16-23";"10";"main";"fixed";"D";"żółty";"";"{""type"":""startNumber"",""number"":2}"
"sgp-16-23";"11";"main";"fixed";"A";"czerwony";"";"{""type"":""startNumber"",""number"":8}"
"sgp-16-23";"11";"main";"fixed";"B";"niebieski";"";"{""type"":""startNumber"",""number"":9}"
"sgp-16-23";"11";"main";"fixed";"C";"biały";"";"{""type"":""startNumber"",""number"":3}"
"sgp-16-23";"11";"main";"fixed";"D";"żółty";"";"{""type"":""startNumber"",""number"":14}"
"sgp-16-23";"12";"main";"fixed";"A";"czerwony";"";"{""type"":""startNumber"",""number"":13}"
"sgp-16-23";"12";"main";"fixed";"B";"niebieski";"";"{""type"":""startNumber"",""number"":4}"
"sgp-16-23";"12";"main";"fixed";"C";"biały";"";"{""type"":""startNumber"",""number"":10}"
"sgp-16-23";"12";"main";"fixed";"D";"żółty";"";"{""type"":""startNumber"",""number"":7}"
"sgp-16-23";"13";"main";"fixed";"A";"czerwony";"";"{""type"":""startNumber"",""number"":7}"
"sgp-16-23";"13";"main";"fixed";"B";"niebieski";"";"{""type"":""startNumber"",""number"":12}"
"sgp-16-23";"13";"main";"fixed";"C";"biały";"";"{""type"":""startNumber"",""number"":14}"
"sgp-16-23";"13";"main";"fixed";"D";"żółty";"";"{""type"":""startNumber"",""number"":1}"
"sgp-16-23";"14";"main";"fixed";"A";"czerwony";"";"{""type"":""startNumber"",""number"":2}"
"sgp-16-23";"14";"main";"fixed";"B";"niebieski";"";"{""type"":""startNumber"",""number"":13}"
"sgp-16-23";"14";"main";"fixed";"C";"biały";"";"{""type"":""startNumber"",""number"":8}"
"sgp-16-23";"14";"main";"fixed";"D";"żółty";"";"{""type"":""startNumber"",""number"":11}"
"sgp-16-23";"15";"main";"fixed";"A";"czerwony";"";"{""type"":""startNumber"",""number"":16}"
"sgp-16-23";"15";"main";"fixed";"B";"niebieski";"";"{""type"":""startNumber"",""number"":3}"
"sgp-16-23";"15";"main";"fixed";"C";"biały";"";"{""type"":""startNumber"",""number"":10}"
"sgp-16-23";"15";"main";"fixed";"D";"żółty";"";"{""type"":""startNumber"",""number"":5}"
"sgp-16-23";"16";"main";"fixed";"A";"czerwony";"";"{""type"":""startNumber"",""number"":9}"
"sgp-16-23";"16";"main";"fixed";"B";"niebieski";"";"{""type"":""startNumber"",""number"":6}"
"sgp-16-23";"16";"main";"fixed";"C";"biały";"";"{""type"":""startNumber"",""number"":4}"
"sgp-16-23";"16";"main";"fixed";"D";"żółty";"";"{""type"":""startNumber"",""number"":15}"
"sgp-16-23";"17";"main";"fixed";"A";"czerwony";"";"{""type"":""startNumber"",""number"":1}"
"sgp-16-23";"17";"main";"fixed";"B";"niebieski";"";"{""type"":""startNumber"",""number"":8}"
"sgp-16-23";"17";"main";"fixed";"C";"biały";"";"{""type"":""startNumber"",""number"":15}"
"sgp-16-23";"17";"main";"fixed";"D";"żółty";"";"{""type"":""startNumber"",""number"":10}"
"sgp-16-23";"18";"main";"fixed";"A";"czerwony";"";"{""type"":""startNumber"",""number"":9}"
"sgp-16-23";"18";"main";"fixed";"B";"niebieski";"";"{""type"":""startNumber"",""number"":2}"
"sgp-16-23";"18";"main";"fixed";"C";"biały";"";"{""type"":""startNumber"",""number"":7}"
"sgp-16-23";"18";"main";"fixed";"D";"żółty";"";"{""type"":""startNumber"",""number"":16}"
"sgp-16-23";"19";"main";"fixed";"A";"czerwony";"";"{""type"":""startNumber"",""number"":3}"
"sgp-16-23";"19";"main";"fixed";"B";"niebieski";"";"{""type"":""startNumber"",""number"":12}"
"sgp-16-23";"19";"main";"fixed";"C";"biały";"";"{""type"":""startNumber"",""number"":13}"
"sgp-16-23";"19";"main";"fixed";"D";"żółty";"";"{""type"":""startNumber"",""number"":6}"
"sgp-16-23";"20";"main";"fixed";"A";"czerwony";"";"{""type"":""startNumber"",""number"":5}"
"sgp-16-23";"20";"main";"fixed";"B";"niebieski";"";"{""type"":""startNumber"",""number"":14}"
"sgp-16-23";"20";"main";"fixed";"C";"biały";"";"{""type"":""startNumber"",""number"":11}"
"sgp-16-23";"20";"main";"fixed";"D";"żółty";"";"{""type"":""startNumber"",""number"":4}"
"sgp-16-23";"21";"lcq";"rider-choice";"";"";"";"{""type"":""rank"",""ranking"":""main"",""place"":3}"
"sgp-16-23";"21";"lcq";"rider-choice";"";"";"";"{""type"":""rank"",""ranking"":""main"",""place"":6}"
"sgp-16-23";"21";"lcq";"rider-choice";"";"";"";"{""type"":""rank"",""ranking"":""main"",""place"":8}"
"sgp-16-23";"21";"lcq";"rider-choice";"";"";"";"{""type"":""rank"",""ranking"":""main"",""place"":9}"
"sgp-16-23";"22";"lcq";"rider-choice";"";"";"";"{""type"":""rank"",""ranking"":""main"",""place"":4}"
"sgp-16-23";"22";"lcq";"rider-choice";"";"";"";"{""type"":""rank"",""ranking"":""main"",""place"":5}"
"sgp-16-23";"22";"lcq";"rider-choice";"";"";"";"{""type"":""rank"",""ranking"":""main"",""place"":7}"
"sgp-16-23";"22";"lcq";"rider-choice";"";"";"";"{""type"":""rank"",""ranking"":""main"",""place"":10}"
"sgp-16-23";"23";"final";"rider-choice";"";"";"";"{""type"":""rank"",""ranking"":""main"",""place"":1}"
"sgp-16-23";"23";"final";"rider-choice";"";"";"";"{""type"":""rank"",""ranking"":""main"",""place"":2}"
"sgp-16-23";"23";"final";"rider-choice";"";"";"";"{""type"":""result"",""heat"":21,""place"":1}"
"sgp-16-23";"23";"final";"rider-choice";"";"";"";"{""type"":""result"",""heat"":22,""place"":1}"
"sgp-sprint";"0";"sprint";"rider-choice";"";"";"";"{""type"":""rank"",""ranking"":""sprintQualifiers"",""place"":1}"
"sgp-sprint";"0";"sprint";"rider-choice";"";"";"";"{""type"":""rank"",""ranking"":""sprintQualifiers"",""place"":2}"
"sgp-sprint";"0";"sprint";"rider-choice";"";"";"";"{""type"":""rank"",""ranking"":""sprintQualifiers"",""place"":3}"
"sgp-sprint";"0";"sprint";"rider-choice";"";"";"";"{""type"":""rank"",""ranking"":""sprintQualifiers"",""place"":4}"
"sgp-youth-16-20";"1";"main";"fixed";"A";"czerwony";"";"{""type"":""startNumber"",""number"":1}"
"sgp-youth-16-20";"1";"main";"fixed";"B";"niebieski";"";"{""type"":""startNumber"",""number"":2}"
"sgp-youth-16-20";"1";"main";"fixed";"C";"biały";"";"{""type"":""startNumber"",""number"":3}"
"sgp-youth-16-20";"1";"main";"fixed";"D";"żółty";"";"{""type"":""startNumber"",""number"":4}"
"sgp-youth-16-20";"2";"main";"fixed";"A";"czerwony";"";"{""type"":""startNumber"",""number"":5}"
"sgp-youth-16-20";"2";"main";"fixed";"B";"niebieski";"";"{""type"":""startNumber"",""number"":7}"
"sgp-youth-16-20";"2";"main";"fixed";"C";"biały";"";"{""type"":""startNumber"",""number"":6}"
"sgp-youth-16-20";"2";"main";"fixed";"D";"żółty";"";"{""type"":""startNumber"",""number"":8}"
"sgp-youth-16-20";"3";"main";"fixed";"A";"czerwony";"";"{""type"":""startNumber"",""number"":10}"
"sgp-youth-16-20";"3";"main";"fixed";"B";"niebieski";"";"{""type"":""startNumber"",""number"":11}"
"sgp-youth-16-20";"3";"main";"fixed";"C";"biały";"";"{""type"":""startNumber"",""number"":9}"
"sgp-youth-16-20";"3";"main";"fixed";"D";"żółty";"";"{""type"":""startNumber"",""number"":12}"
"sgp-youth-16-20";"4";"main";"fixed";"A";"czerwony";"";"{""type"":""startNumber"",""number"":15}"
"sgp-youth-16-20";"4";"main";"fixed";"B";"niebieski";"";"{""type"":""startNumber"",""number"":14}"
"sgp-youth-16-20";"4";"main";"fixed";"C";"biały";"";"{""type"":""startNumber"",""number"":16}"
"sgp-youth-16-20";"4";"main";"fixed";"D";"żółty";"";"{""type"":""startNumber"",""number"":13}"
"sgp-youth-16-20";"5";"main";"fixed";"A";"czerwony";"";"{""type"":""startNumber"",""number"":13}"
"sgp-youth-16-20";"5";"main";"fixed";"B";"niebieski";"";"{""type"":""startNumber"",""number"":1}"
"sgp-youth-16-20";"5";"main";"fixed";"C";"biały";"";"{""type"":""startNumber"",""number"":5}"
"sgp-youth-16-20";"5";"main";"fixed";"D";"żółty";"";"{""type"":""startNumber"",""number"":9}"
"sgp-youth-16-20";"6";"main";"fixed";"A";"czerwony";"";"{""type"":""startNumber"",""number"":14}"
"sgp-youth-16-20";"6";"main";"fixed";"B";"niebieski";"";"{""type"":""startNumber"",""number"":10}"
"sgp-youth-16-20";"6";"main";"fixed";"C";"biały";"";"{""type"":""startNumber"",""number"":2}"
"sgp-youth-16-20";"6";"main";"fixed";"D";"żółty";"";"{""type"":""startNumber"",""number"":6}"
"sgp-youth-16-20";"7";"main";"fixed";"A";"czerwony";"";"{""type"":""startNumber"",""number"":11}"
"sgp-youth-16-20";"7";"main";"fixed";"B";"niebieski";"";"{""type"":""startNumber"",""number"":15}"
"sgp-youth-16-20";"7";"main";"fixed";"C";"biały";"";"{""type"":""startNumber"",""number"":7}"
"sgp-youth-16-20";"7";"main";"fixed";"D";"żółty";"";"{""type"":""startNumber"",""number"":3}"
"sgp-youth-16-20";"8";"main";"fixed";"A";"czerwony";"";"{""type"":""startNumber"",""number"":4}"
"sgp-youth-16-20";"8";"main";"fixed";"B";"niebieski";"";"{""type"":""startNumber"",""number"":8}"
"sgp-youth-16-20";"8";"main";"fixed";"C";"biały";"";"{""type"":""startNumber"",""number"":12}"
"sgp-youth-16-20";"8";"main";"fixed";"D";"żółty";"";"{""type"":""startNumber"",""number"":16}"
"sgp-youth-16-20";"9";"main";"fixed";"A";"czerwony";"";"{""type"":""startNumber"",""number"":6}"
"sgp-youth-16-20";"9";"main";"fixed";"B";"niebieski";"";"{""type"":""startNumber"",""number"":16}"
"sgp-youth-16-20";"9";"main";"fixed";"C";"biały";"";"{""type"":""startNumber"",""number"":1}"
"sgp-youth-16-20";"9";"main";"fixed";"D";"żółty";"";"{""type"":""startNumber"",""number"":11}"
"sgp-youth-16-20";"10";"main";"fixed";"A";"czerwony";"";"{""type"":""startNumber"",""number"":12}"
"sgp-youth-16-20";"10";"main";"fixed";"B";"niebieski";"";"{""type"":""startNumber"",""number"":5}"
"sgp-youth-16-20";"10";"main";"fixed";"C";"biały";"";"{""type"":""startNumber"",""number"":15}"
"sgp-youth-16-20";"10";"main";"fixed";"D";"żółty";"";"{""type"":""startNumber"",""number"":2}"
"sgp-youth-16-20";"11";"main";"fixed";"A";"czerwony";"";"{""type"":""startNumber"",""number"":8}"
"sgp-youth-16-20";"11";"main";"fixed";"B";"niebieski";"";"{""type"":""startNumber"",""number"":9}"
"sgp-youth-16-20";"11";"main";"fixed";"C";"biały";"";"{""type"":""startNumber"",""number"":3}"
"sgp-youth-16-20";"11";"main";"fixed";"D";"żółty";"";"{""type"":""startNumber"",""number"":14}"
"sgp-youth-16-20";"12";"main";"fixed";"A";"czerwony";"";"{""type"":""startNumber"",""number"":13}"
"sgp-youth-16-20";"12";"main";"fixed";"B";"niebieski";"";"{""type"":""startNumber"",""number"":4}"
"sgp-youth-16-20";"12";"main";"fixed";"C";"biały";"";"{""type"":""startNumber"",""number"":10}"
"sgp-youth-16-20";"12";"main";"fixed";"D";"żółty";"";"{""type"":""startNumber"",""number"":7}"
"sgp-youth-16-20";"13";"main";"fixed";"A";"czerwony";"";"{""type"":""startNumber"",""number"":7}"
"sgp-youth-16-20";"13";"main";"fixed";"B";"niebieski";"";"{""type"":""startNumber"",""number"":12}"
"sgp-youth-16-20";"13";"main";"fixed";"C";"biały";"";"{""type"":""startNumber"",""number"":14}"
"sgp-youth-16-20";"13";"main";"fixed";"D";"żółty";"";"{""type"":""startNumber"",""number"":1}"
"sgp-youth-16-20";"14";"main";"fixed";"A";"czerwony";"";"{""type"":""startNumber"",""number"":2}"
"sgp-youth-16-20";"14";"main";"fixed";"B";"niebieski";"";"{""type"":""startNumber"",""number"":13}"
"sgp-youth-16-20";"14";"main";"fixed";"C";"biały";"";"{""type"":""startNumber"",""number"":8}"
"sgp-youth-16-20";"14";"main";"fixed";"D";"żółty";"";"{""type"":""startNumber"",""number"":11}"
"sgp-youth-16-20";"15";"main";"fixed";"A";"czerwony";"";"{""type"":""startNumber"",""number"":16}"
"sgp-youth-16-20";"15";"main";"fixed";"B";"niebieski";"";"{""type"":""startNumber"",""number"":3}"
"sgp-youth-16-20";"15";"main";"fixed";"C";"biały";"";"{""type"":""startNumber"",""number"":10}"
"sgp-youth-16-20";"15";"main";"fixed";"D";"żółty";"";"{""type"":""startNumber"",""number"":5}"
"sgp-youth-16-20";"16";"main";"fixed";"A";"czerwony";"";"{""type"":""startNumber"",""number"":9}"
"sgp-youth-16-20";"16";"main";"fixed";"B";"niebieski";"";"{""type"":""startNumber"",""number"":6}"
"sgp-youth-16-20";"16";"main";"fixed";"C";"biały";"";"{""type"":""startNumber"",""number"":4}"
"sgp-youth-16-20";"16";"main";"fixed";"D";"żółty";"";"{""type"":""startNumber"",""number"":15}"
"sgp-youth-16-20";"17";"main";"fixed";"A";"czerwony";"";"{""type"":""startNumber"",""number"":1}"
"sgp-youth-16-20";"17";"main";"fixed";"B";"niebieski";"";"{""type"":""startNumber"",""number"":8}"
"sgp-youth-16-20";"17";"main";"fixed";"C";"biały";"";"{""type"":""startNumber"",""number"":15}"
"sgp-youth-16-20";"17";"main";"fixed";"D";"żółty";"";"{""type"":""startNumber"",""number"":10}"
"sgp-youth-16-20";"18";"main";"fixed";"A";"czerwony";"";"{""type"":""startNumber"",""number"":9}"
"sgp-youth-16-20";"18";"main";"fixed";"B";"niebieski";"";"{""type"":""startNumber"",""number"":2}"
"sgp-youth-16-20";"18";"main";"fixed";"C";"biały";"";"{""type"":""startNumber"",""number"":7}"
"sgp-youth-16-20";"18";"main";"fixed";"D";"żółty";"";"{""type"":""startNumber"",""number"":16}"
"sgp-youth-16-20";"19";"main";"fixed";"A";"czerwony";"";"{""type"":""startNumber"",""number"":3}"
"sgp-youth-16-20";"19";"main";"fixed";"B";"niebieski";"";"{""type"":""startNumber"",""number"":12}"
"sgp-youth-16-20";"19";"main";"fixed";"C";"biały";"";"{""type"":""startNumber"",""number"":13}"
"sgp-youth-16-20";"19";"main";"fixed";"D";"żółty";"";"{""type"":""startNumber"",""number"":6}"
"sgp-youth-16-20";"20";"main";"fixed";"A";"czerwony";"";"{""type"":""startNumber"",""number"":5}"
"sgp-youth-16-20";"20";"main";"fixed";"B";"niebieski";"";"{""type"":""startNumber"",""number"":14}"
"sgp-youth-16-20";"20";"main";"fixed";"C";"biały";"";"{""type"":""startNumber"",""number"":11}"
"sgp-youth-16-20";"20";"main";"fixed";"D";"żółty";"";"{""type"":""startNumber"",""number"":4}"
"youth-20-21";"1";"main";"fixed";"A";"czerwony";"";"{""type"":""startNumber"",""number"":1}"
"youth-20-21";"1";"main";"fixed";"B";"niebieski";"";"{""type"":""startNumber"",""number"":3}"
"youth-20-21";"1";"main";"fixed";"C";"biały";"";"{""type"":""startNumber"",""number"":2}"
"youth-20-21";"1";"main";"fixed";"D";"żółty";"";"{""type"":""startNumber"",""number"":4}"
"youth-20-21";"2";"main";"fixed";"A";"czerwony";"";"{""type"":""startNumber"",""number"":5}"
"youth-20-21";"2";"main";"fixed";"B";"niebieski";"";"{""type"":""startNumber"",""number"":7}"
"youth-20-21";"2";"main";"fixed";"C";"biały";"";"{""type"":""startNumber"",""number"":6}"
"youth-20-21";"2";"main";"fixed";"D";"żółty";"";"{""type"":""startNumber"",""number"":8}"
"youth-20-21";"3";"main";"fixed";"A";"czerwony";"";"{""type"":""startNumber"",""number"":10}"
"youth-20-21";"3";"main";"fixed";"B";"niebieski";"";"{""type"":""startNumber"",""number"":11}"
"youth-20-21";"3";"main";"fixed";"C";"biały";"";"{""type"":""startNumber"",""number"":9}"
"youth-20-21";"3";"main";"fixed";"D";"żółty";"";"{""type"":""startNumber"",""number"":12}"
"youth-20-21";"4";"main";"fixed";"A";"czerwony";"";"{""type"":""startNumber"",""number"":15}"
"youth-20-21";"4";"main";"fixed";"B";"niebieski";"";"{""type"":""startNumber"",""number"":14}"
"youth-20-21";"4";"main";"fixed";"C";"biały";"";"{""type"":""startNumber"",""number"":16}"
"youth-20-21";"4";"main";"fixed";"D";"żółty";"";"{""type"":""startNumber"",""number"":13}"
"youth-20-21";"5";"main";"fixed";"A";"czerwony";"";"{""type"":""startNumber"",""number"":17}"
"youth-20-21";"5";"main";"fixed";"B";"niebieski";"";"{""type"":""startNumber"",""number"":18}"
"youth-20-21";"5";"main";"fixed";"C";"biały";"";"{""type"":""startNumber"",""number"":19}"
"youth-20-21";"5";"main";"fixed";"D";"żółty";"";"{""type"":""startNumber"",""number"":20}"
"youth-20-21";"6";"main";"fixed";"A";"czerwony";"";"{""type"":""startNumber"",""number"":9}"
"youth-20-21";"6";"main";"fixed";"B";"niebieski";"";"{""type"":""startNumber"",""number"":2}"
"youth-20-21";"6";"main";"fixed";"C";"biały";"";"{""type"":""startNumber"",""number"":7}"
"youth-20-21";"6";"main";"fixed";"D";"żółty";"";"{""type"":""startNumber"",""number"":16}"
"youth-20-21";"7";"main";"fixed";"A";"czerwony";"";"{""type"":""startNumber"",""number"":13}"
"youth-20-21";"7";"main";"fixed";"B";"niebieski";"";"{""type"":""startNumber"",""number"":1}"
"youth-20-21";"7";"main";"fixed";"C";"biały";"";"{""type"":""startNumber"",""number"":5}"
"youth-20-21";"7";"main";"fixed";"D";"żółty";"";"{""type"":""startNumber"",""number"":17}"
"youth-20-21";"8";"main";"fixed";"A";"czerwony";"";"{""type"":""startNumber"",""number"":14}"
"youth-20-21";"8";"main";"fixed";"B";"niebieski";"";"{""type"":""startNumber"",""number"":6}"
"youth-20-21";"8";"main";"fixed";"C";"biały";"";"{""type"":""startNumber"",""number"":20}"
"youth-20-21";"8";"main";"fixed";"D";"żółty";"";"{""type"":""startNumber"",""number"":10}"
"youth-20-21";"9";"main";"fixed";"A";"czerwony";"";"{""type"":""startNumber"",""number"":11}"
"youth-20-21";"9";"main";"fixed";"B";"niebieski";"";"{""type"":""startNumber"",""number"":15}"
"youth-20-21";"9";"main";"fixed";"C";"biały";"";"{""type"":""startNumber"",""number"":18}"
"youth-20-21";"9";"main";"fixed";"D";"żółty";"";"{""type"":""startNumber"",""number"":3}"
"youth-20-21";"10";"main";"fixed";"A";"czerwony";"";"{""type"":""startNumber"",""number"":4}"
"youth-20-21";"10";"main";"fixed";"B";"niebieski";"";"{""type"":""startNumber"",""number"":8}"
"youth-20-21";"10";"main";"fixed";"C";"biały";"";"{""type"":""startNumber"",""number"":12}"
"youth-20-21";"10";"main";"fixed";"D";"żółty";"";"{""type"":""startNumber"",""number"":19}"
"youth-20-21";"11";"main";"fixed";"A";"czerwony";"";"{""type"":""startNumber"",""number"":20}"
"youth-20-21";"11";"main";"fixed";"B";"niebieski";"";"{""type"":""startNumber"",""number"":13}"
"youth-20-21";"11";"main";"fixed";"C";"biały";"";"{""type"":""startNumber"",""number"":11}"
"youth-20-21";"11";"main";"fixed";"D";"żółty";"";"{""type"":""startNumber"",""number"":7}"
"youth-20-21";"12";"main";"fixed";"A";"czerwony";"";"{""type"":""startNumber"",""number"":8}"
"youth-20-21";"12";"main";"fixed";"B";"niebieski";"";"{""type"":""startNumber"",""number"":17}"
"youth-20-21";"12";"main";"fixed";"C";"biały";"";"{""type"":""startNumber"",""number"":15}"
"youth-20-21";"12";"main";"fixed";"D";"żółty";"";"{""type"":""startNumber"",""number"":2}"
"youth-20-21";"13";"main";"fixed";"A";"czerwony";"";"{""type"":""startNumber"",""number"":12}"
"youth-20-21";"13";"main";"fixed";"B";"niebieski";"";"{""type"":""startNumber"",""number"":5}"
"youth-20-21";"13";"main";"fixed";"C";"biały";"";"{""type"":""startNumber"",""number"":3}"
"youth-20-21";"13";"main";"fixed";"D";"żółty";"";"{""type"":""startNumber"",""number"":14}"
"youth-20-21";"14";"main";"fixed";"A";"czerwony";"";"{""type"":""startNumber"",""number"":16}"
"youth-20-21";"14";"main";"fixed";"B";"niebieski";"";"{""type"":""startNumber"",""number"":4}"
"youth-20-21";"14";"main";"fixed";"C";"biały";"";"{""type"":""startNumber"",""number"":10}"
"youth-20-21";"14";"main";"fixed";"D";"żółty";"";"{""type"":""startNumber"",""number"":18}"
"youth-20-21";"15";"main";"fixed";"A";"czerwony";"";"{""type"":""startNumber"",""number"":19}"
"youth-20-21";"15";"main";"fixed";"B";"niebieski";"";"{""type"":""startNumber"",""number"":9}"
"youth-20-21";"15";"main";"fixed";"C";"biały";"";"{""type"":""startNumber"",""number"":1}"
"youth-20-21";"15";"main";"fixed";"D";"żółty";"";"{""type"":""startNumber"",""number"":6}"
"youth-20-21";"16";"main";"fixed";"A";"czerwony";"";"{""type"":""startNumber"",""number"":2}"
"youth-20-21";"16";"main";"fixed";"B";"niebieski";"";"{""type"":""startNumber"",""number"":12}"
"youth-20-21";"16";"main";"fixed";"C";"biały";"";"{""type"":""startNumber"",""number"":17}"
"youth-20-21";"16";"main";"fixed";"D";"żółty";"";"{""type"":""startNumber"",""number"":11}"
"youth-20-21";"17";"main";"fixed";"A";"czerwony";"";"{""type"":""startNumber"",""number"":18}"
"youth-20-21";"17";"main";"fixed";"B";"niebieski";"";"{""type"":""startNumber"",""number"":16}"
"youth-20-21";"17";"main";"fixed";"C";"biały";"";"{""type"":""startNumber"",""number"":8}"
"youth-20-21";"17";"main";"fixed";"D";"żółty";"";"{""type"":""startNumber"",""number"":5}"
"youth-20-21";"18";"main";"fixed";"A";"czerwony";"";"{""type"":""startNumber"",""number"":7}"
"youth-20-21";"18";"main";"fixed";"B";"niebieski";"";"{""type"":""startNumber"",""number"":20}"
"youth-20-21";"18";"main";"fixed";"C";"biały";"";"{""type"":""startNumber"",""number"":4}"
"youth-20-21";"18";"main";"fixed";"D";"żółty";"";"{""type"":""startNumber"",""number"":1}"
"youth-20-21";"19";"main";"fixed";"A";"czerwony";"";"{""type"":""startNumber"",""number"":3}"
"youth-20-21";"19";"main";"fixed";"B";"niebieski";"";"{""type"":""startNumber"",""number"":19}"
"youth-20-21";"19";"main";"fixed";"C";"biały";"";"{""type"":""startNumber"",""number"":14}"
"youth-20-21";"19";"main";"fixed";"D";"żółty";"";"{""type"":""startNumber"",""number"":9}"
"youth-20-21";"20";"main";"fixed";"A";"czerwony";"";"{""type"":""startNumber"",""number"":6}"
"youth-20-21";"20";"main";"fixed";"B";"niebieski";"";"{""type"":""startNumber"",""number"":10}"
"youth-20-21";"20";"main";"fixed";"C";"biały";"";"{""type"":""startNumber"",""number"":13}"
"youth-20-21";"20";"main";"fixed";"D";"żółty";"";"{""type"":""startNumber"",""number"":15}"
"youth-20-21";"21";"final";"rider-choice";"";"";"";"{""type"":""rank"",""ranking"":""main"",""place"":1}"
"youth-20-21";"21";"final";"rider-choice";"";"";"";"{""type"":""rank"",""ranking"":""main"",""place"":2}"
"youth-20-21";"21";"final";"rider-choice";"";"";"";"{""type"":""rank"",""ranking"":""main"",""place"":3}"
"youth-20-21";"21";"final";"rider-choice";"";"";"";"{""type"":""rank"",""ranking"":""main"",""place"":4}"
"league-15-set-1";"1";"main";"fixed";"A";"żółty";"A";"{""type"":""startNumber"",""number"":1}"
"league-15-set-1";"1";"main";"fixed";"B";"czerwony";"H";"{""type"":""startNumber"",""number"":9}"
"league-15-set-1";"1";"main";"fixed";"C";"biały";"A";"{""type"":""startNumber"",""number"":3}"
"league-15-set-1";"1";"main";"fixed";"D";"niebieski";"H";"{""type"":""startNumber"",""number"":11}"
"league-15-set-1";"2";"main";"fixed";"A";"czerwony";"H";"{""type"":""startNumber"",""number"":15}"
"league-15-set-1";"2";"main";"fixed";"B";"biały";"A";"{""type"":""startNumber"",""number"":6}"
"league-15-set-1";"2";"main";"fixed";"C";"niebieski";"H";"{""type"":""startNumber"",""number"":14}"
"league-15-set-1";"2";"main";"fixed";"D";"żółty";"A";"{""type"":""startNumber"",""number"":7}"
"league-15-set-1";"3";"main";"fixed";"A";"żółty";"A";"{""type"":""startNumber"",""number"":5}"
"league-15-set-1";"3";"main";"fixed";"B";"niebieski";"H";"{""type"":""startNumber"",""number"":12}"
"league-15-set-1";"3";"main";"fixed";"C";"biały";"A";"{""type"":""startNumber"",""number"":2}"
"league-15-set-1";"3";"main";"fixed";"D";"czerwony";"H";"{""type"":""startNumber"",""number"":13}"
"league-15-set-1";"4";"main";"fixed";"A";"niebieski";"H";"{""type"":""startNumber"",""number"":14}"
"league-15-set-1";"4";"main";"fixed";"B";"żółty";"A";"{""type"":""startNumber"",""number"":4}"
"league-15-set-1";"4";"main";"fixed";"C";"czerwony";"H";"{""type"":""startNumber"",""number"":10}"
"league-15-set-1";"4";"main";"fixed";"D";"biały";"A";"{""type"":""startNumber"",""number"":6}"
"league-15-set-1";"5";"main";"fixed";"A";"czerwony";"H";"{""type"":""startNumber"",""number"":11}"
"league-15-set-1";"5";"main";"fixed";"B";"biały";"A";"{""type"":""startNumber"",""number"":3}"
"league-15-set-1";"5";"main";"fixed";"C";"niebieski";"H";"{""type"":""startNumber"",""number"":12}"
"league-15-set-1";"5";"main";"fixed";"D";"żółty";"A";"{""type"":""startNumber"",""number"":4}"
"league-15-set-1";"6";"main";"fixed";"A";"czerwony";"H";"{""type"":""startNumber"",""number"":13}"
"league-15-set-1";"6";"main";"fixed";"B";"biały";"A";"{""type"":""startNumber"",""number"":2}"
"league-15-set-1";"6";"main";"fixed";"C";"niebieski";"H";"{""type"":""startNumber"",""number"":15}"
"league-15-set-1";"6";"main";"fixed";"D";"żółty";"A";"{""type"":""startNumber"",""number"":1}"
"league-15-set-1";"7";"main";"fixed";"A";"biały";"A";"{""type"":""startNumber"",""number"":7}"
"league-15-set-1";"7";"main";"fixed";"B";"niebieski";"H";"{""type"":""startNumber"",""number"":10}"
"league-15-set-1";"7";"main";"fixed";"C";"żółty";"A";"{""type"":""startNumber"",""number"":5}"
"league-15-set-1";"7";"main";"fixed";"D";"czerwony";"H";"{""type"":""startNumber"",""number"":9}"
"league-15-set-1";"8";"main";"fixed";"A";"biały";"A";"{""type"":""startNumber"",""number"":3}"
"league-15-set-1";"8";"main";"fixed";"B";"czerwony";"H";"{""type"":""startNumber"",""number"":13}"
"league-15-set-1";"8";"main";"fixed";"C";"żółty";"A";"{""type"":""startNumber"",""number"":4}"
"league-15-set-1";"8";"main";"fixed";"D";"niebieski";"H";"{""type"":""startNumber"",""number"":14}"
"league-15-set-1";"9";"main";"fixed";"A";"czerwony";"H";"{""type"":""startNumber"",""number"":9}"
"league-15-set-1";"9";"main";"fixed";"B";"żółty";"A";"{""type"":""startNumber"",""number"":1}"
"league-15-set-1";"9";"main";"fixed";"C";"niebieski";"H";"{""type"":""startNumber"",""number"":10}"
"league-15-set-1";"9";"main";"fixed";"D";"biały";"A";"{""type"":""startNumber"",""number"":2}"
"league-15-set-1";"10";"main";"fixed";"A";"biały";"A";"{""type"":""startNumber"",""number"":6}"
"league-15-set-1";"10";"main";"fixed";"B";"czerwony";"H";"{""type"":""startNumber"",""number"":11}"
"league-15-set-1";"10";"main";"fixed";"C";"żółty";"A";"{""type"":""startNumber"",""number"":5}"
"league-15-set-1";"10";"main";"fixed";"D";"niebieski";"H";"{""type"":""startNumber"",""number"":12}"
"league-15-set-1";"11";"main";"fixed";"A";"niebieski";"H";"{""type"":""startNumber"",""number"":12}"
"league-15-set-1";"11";"main";"fixed";"B";"biały";"A";"{""type"":""startNumber"",""number"":4}"
"league-15-set-1";"11";"main";"fixed";"C";"czerwony";"H";"{""type"":""startNumber"",""number"":9}"
"league-15-set-1";"11";"main";"fixed";"D";"żółty";"A";"{""type"":""startNumber"",""number"":1}"
"league-15-set-1";"12";"main";"fixed";"A";"żółty";"A";"{""type"":""startNumber"",""number"":2}"
"league-15-set-1";"12";"main";"fixed";"B";"niebieski";"H";"{""type"":""startNumber"",""number"":15}"
"league-15-set-1";"12";"main";"fixed";"C";"biały";"A";"{""type"":""startNumber"",""number"":7}"
"league-15-set-1";"12";"main";"fixed";"D";"czerwony";"H";"{""type"":""startNumber"",""number"":11}"
"league-15-set-1";"13";"main";"fixed";"A";"niebieski";"H";"{""type"":""startNumber"",""number"":10}"
"league-15-set-1";"13";"main";"fixed";"B";"żółty";"A";"{""type"":""startNumber"",""number"":5}"
"league-15-set-1";"13";"main";"fixed";"C";"czerwony";"H";"{""type"":""startNumber"",""number"":13}"
"league-15-set-1";"13";"main";"fixed";"D";"biały";"A";"{""type"":""startNumber"",""number"":3}"
"league-15-set-1";"14";"nominated";"league-nominated-set";"";"żółty";"A";"{""type"":""nomination"",""key"":""14:żółty""}"
"league-15-set-1";"14";"nominated";"league-nominated-set";"";"czerwony";"H";"{""type"":""nomination"",""key"":""14:czerwony""}"
"league-15-set-1";"14";"nominated";"league-nominated-set";"";"biały";"A";"{""type"":""nomination"",""key"":""14:biały""}"
"league-15-set-1";"14";"nominated";"league-nominated-set";"";"niebieski";"H";"{""type"":""nomination"",""key"":""14:niebieski""}"
"league-15-set-1";"15";"nominated";"league-nominated-set";"";"czerwony";"H";"{""type"":""nomination"",""key"":""15:czerwony""}"
"league-15-set-1";"15";"nominated";"league-nominated-set";"";"żółty";"A";"{""type"":""nomination"",""key"":""15:żółty""}"
"league-15-set-1";"15";"nominated";"league-nominated-set";"";"niebieski";"H";"{""type"":""nomination"",""key"":""15:niebieski""}"
"league-15-set-1";"15";"nominated";"league-nominated-set";"";"biały";"A";"{""type"":""nomination"",""key"":""15:biały""}"
"league-15-set-2";"1";"main";"fixed";"A";"czerwony";"H";"{""type"":""startNumber"",""number"":9}"
"league-15-set-2";"1";"main";"fixed";"B";"żółty";"A";"{""type"":""startNumber"",""number"":1}"
"league-15-set-2";"1";"main";"fixed";"C";"niebieski";"H";"{""type"":""startNumber"",""number"":11}"
"league-15-set-2";"1";"main";"fixed";"D";"biały";"A";"{""type"":""startNumber"",""number"":3}"
"league-15-set-2";"2";"main";"fixed";"A";"biały";"A";"{""type"":""startNumber"",""number"":6}"
"league-15-set-2";"2";"main";"fixed";"B";"czerwony";"H";"{""type"":""startNumber"",""number"":15}"
"league-15-set-2";"2";"main";"fixed";"C";"żółty";"A";"{""type"":""startNumber"",""number"":7}"
"league-15-set-2";"2";"main";"fixed";"D";"niebieski";"H";"{""type"":""startNumber"",""number"":14}"
"league-15-set-2";"3";"main";"fixed";"A";"niebieski";"H";"{""type"":""startNumber"",""number"":12}"
"league-15-set-2";"3";"main";"fixed";"B";"żółty";"A";"{""type"":""startNumber"",""number"":5}"
"league-15-set-2";"3";"main";"fixed";"C";"czerwony";"H";"{""type"":""startNumber"",""number"":13}"
"league-15-set-2";"3";"main";"fixed";"D";"biały";"A";"{""type"":""startNumber"",""number"":2}"
"league-15-set-2";"4";"main";"fixed";"A";"żółty";"A";"{""type"":""startNumber"",""number"":4}"
"league-15-set-2";"4";"main";"fixed";"B";"niebieski";"H";"{""type"":""startNumber"",""number"":14}"
"league-15-set-2";"4";"main";"fixed";"C";"biały";"A";"{""type"":""startNumber"",""number"":6}"
"league-15-set-2";"4";"main";"fixed";"D";"czerwony";"H";"{""type"":""startNumber"",""number"":10}"
"league-15-set-2";"5";"main";"fixed";"A";"biały";"A";"{""type"":""startNumber"",""number"":3}"
"league-15-set-2";"5";"main";"fixed";"B";"czerwony";"H";"{""type"":""startNumber"",""number"":11}"
"league-15-set-2";"5";"main";"fixed";"C";"żółty";"A";"{""type"":""startNumber"",""number"":4}"
"league-15-set-2";"5";"main";"fixed";"D";"niebieski";"H";"{""type"":""startNumber"",""number"":12}"
"league-15-set-2";"6";"main";"fixed";"A";"biały";"A";"{""type"":""startNumber"",""number"":2}"
"league-15-set-2";"6";"main";"fixed";"B";"czerwony";"H";"{""type"":""startNumber"",""number"":13}"
"league-15-set-2";"6";"main";"fixed";"C";"żółty";"A";"{""type"":""startNumber"",""number"":1}"
"league-15-set-2";"6";"main";"fixed";"D";"niebieski";"H";"{""type"":""startNumber"",""number"":15}"
"league-15-set-2";"7";"main";"fixed";"A";"niebieski";"H";"{""type"":""startNumber"",""number"":10}"
"league-15-set-2";"7";"main";"fixed";"B";"biały";"A";"{""type"":""startNumber"",""number"":7}"
"league-15-set-2";"7";"main";"fixed";"C";"czerwony";"H";"{""type"":""startNumber"",""number"":9}"
"league-15-set-2";"7";"main";"fixed";"D";"żółty";"A";"{""type"":""startNumber"",""number"":5}"
"league-15-set-2";"8";"main";"fixed";"A";"czerwony";"H";"{""type"":""startNumber"",""number"":13}"
"league-15-set-2";"8";"main";"fixed";"B";"biały";"A";"{""type"":""startNumber"",""number"":3}"
"league-15-set-2";"8";"main";"fixed";"C";"niebieski";"H";"{""type"":""startNumber"",""number"":14}"
"league-15-set-2";"8";"main";"fixed";"D";"żółty";"A";"{""type"":""startNumber"",""number"":4}"
"league-15-set-2";"9";"main";"fixed";"A";"żółty";"A";"{""type"":""startNumber"",""number"":1}"
"league-15-set-2";"9";"main";"fixed";"B";"czerwony";"H";"{""type"":""startNumber"",""number"":9}"
"league-15-set-2";"9";"main";"fixed";"C";"biały";"A";"{""type"":""startNumber"",""number"":2}"
"league-15-set-2";"9";"main";"fixed";"D";"niebieski";"H";"{""type"":""startNumber"",""number"":10}"
"league-15-set-2";"10";"main";"fixed";"A";"czerwony";"H";"{""type"":""startNumber"",""number"":11}"
"league-15-set-2";"10";"main";"fixed";"B";"biały";"A";"{""type"":""startNumber"",""number"":6}"
"league-15-set-2";"10";"main";"fixed";"C";"niebieski";"H";"{""type"":""startNumber"",""number"":12}"
"league-15-set-2";"10";"main";"fixed";"D";"żółty";"A";"{""type"":""startNumber"",""number"":5}"
"league-15-set-2";"11";"main";"fixed";"A";"biały";"A";"{""type"":""startNumber"",""number"":4}"
"league-15-set-2";"11";"main";"fixed";"B";"niebieski";"H";"{""type"":""startNumber"",""number"":12}"
"league-15-set-2";"11";"main";"fixed";"C";"żółty";"A";"{""type"":""startNumber"",""number"":1}"
"league-15-set-2";"11";"main";"fixed";"D";"czerwony";"H";"{""type"":""startNumber"",""number"":9}"
"league-15-set-2";"12";"main";"fixed";"A";"niebieski";"H";"{""type"":""startNumber"",""number"":15}"
"league-15-set-2";"12";"main";"fixed";"B";"żółty";"A";"{""type"":""startNumber"",""number"":2}"
"league-15-set-2";"12";"main";"fixed";"C";"czerwony";"H";"{""type"":""startNumber"",""number"":11}"
"league-15-set-2";"12";"main";"fixed";"D";"biały";"A";"{""type"":""startNumber"",""number"":7}"
"league-15-set-2";"13";"main";"fixed";"A";"żółty";"A";"{""type"":""startNumber"",""number"":5}"
"league-15-set-2";"13";"main";"fixed";"B";"niebieski";"H";"{""type"":""startNumber"",""number"":10}"
"league-15-set-2";"13";"main";"fixed";"C";"biały";"A";"{""type"":""startNumber"",""number"":3}"
"league-15-set-2";"13";"main";"fixed";"D";"czerwony";"H";"{""type"":""startNumber"",""number"":13}"
"league-15-set-2";"14";"nominated";"league-nominated-set";"";"czerwony";"H";"{""type"":""nomination"",""key"":""14:czerwony""}"
"league-15-set-2";"14";"nominated";"league-nominated-set";"";"żółty";"A";"{""type"":""nomination"",""key"":""14:żółty""}"
"league-15-set-2";"14";"nominated";"league-nominated-set";"";"niebieski";"H";"{""type"":""nomination"",""key"":""14:niebieski""}"
"league-15-set-2";"14";"nominated";"league-nominated-set";"";"biały";"A";"{""type"":""nomination"",""key"":""14:biały""}"
"league-15-set-2";"15";"nominated";"league-nominated-set";"";"żółty";"A";"{""type"":""nomination"",""key"":""15:żółty""}"
"league-15-set-2";"15";"nominated";"league-nominated-set";"";"czerwony";"H";"{""type"":""nomination"",""key"":""15:czerwony""}"
"league-15-set-2";"15";"nominated";"league-nominated-set";"";"biały";"A";"{""type"":""nomination"",""key"":""15:biały""}"
"league-15-set-2";"15";"nominated";"league-nominated-set";"";"niebieski";"H";"{""type"":""nomination"",""key"":""15:niebieski""}"
"pairs-5-pzm";"1";"main";"fixed";"A";"czerwony";"D1";"{""type"":""startNumber"",""number"":1}"
"pairs-5-pzm";"1";"main";"fixed";"B";"biały";"D2";"{""type"":""startNumber"",""number"":3}"
"pairs-5-pzm";"1";"main";"fixed";"C";"niebieski";"D1";"{""type"":""startNumber"",""number"":2}"
"pairs-5-pzm";"1";"main";"fixed";"D";"żółty";"D2";"{""type"":""startNumber"",""number"":4}"
"pairs-5-pzm";"2";"main";"fixed";"A";"czerwony";"D3";"{""type"":""startNumber"",""number"":5}"
"pairs-5-pzm";"2";"main";"fixed";"B";"biały";"D4";"{""type"":""startNumber"",""number"":7}"
"pairs-5-pzm";"2";"main";"fixed";"C";"niebieski";"D3";"{""type"":""startNumber"",""number"":6}"
"pairs-5-pzm";"2";"main";"fixed";"D";"żółty";"D4";"{""type"":""startNumber"",""number"":8}"
"pairs-5-pzm";"3";"main";"fixed";"A";"czerwony";"D5";"{""type"":""startNumber"",""number"":9}"
"pairs-5-pzm";"3";"main";"fixed";"B";"biały";"D1";"{""type"":""startNumber"",""number"":1}"
"pairs-5-pzm";"3";"main";"fixed";"C";"niebieski";"D5";"{""type"":""startNumber"",""number"":10}"
"pairs-5-pzm";"3";"main";"fixed";"D";"żółty";"D1";"{""type"":""startNumber"",""number"":2}"
"pairs-5-pzm";"4";"main";"fixed";"A";"czerwony";"D2";"{""type"":""startNumber"",""number"":3}"
"pairs-5-pzm";"4";"main";"fixed";"B";"biały";"D3";"{""type"":""startNumber"",""number"":5}"
"pairs-5-pzm";"4";"main";"fixed";"C";"niebieski";"D2";"{""type"":""startNumber"",""number"":4}"
"pairs-5-pzm";"4";"main";"fixed";"D";"żółty";"D3";"{""type"":""startNumber"",""number"":6}"
"pairs-5-pzm";"5";"main";"fixed";"A";"czerwony";"D4";"{""type"":""startNumber"",""number"":7}"
"pairs-5-pzm";"5";"main";"fixed";"B";"biały";"D5";"{""type"":""startNumber"",""number"":9}"
"pairs-5-pzm";"5";"main";"fixed";"C";"niebieski";"D4";"{""type"":""startNumber"",""number"":8}"
"pairs-5-pzm";"5";"main";"fixed";"D";"żółty";"D5";"{""type"":""startNumber"",""number"":10}"
"pairs-5-pzm";"6";"main";"fixed";"A";"czerwony";"D3";"{""type"":""startNumber"",""number"":5}"
"pairs-5-pzm";"6";"main";"fixed";"B";"biały";"D1";"{""type"":""startNumber"",""number"":1}"
"pairs-5-pzm";"6";"main";"fixed";"C";"niebieski";"D3";"{""type"":""startNumber"",""number"":6}"
"pairs-5-pzm";"6";"main";"fixed";"D";"żółty";"D1";"{""type"":""startNumber"",""number"":2}"
"pairs-5-pzm";"7";"main";"fixed";"A";"czerwony";"D4";"{""type"":""startNumber"",""number"":7}"
"pairs-5-pzm";"7";"main";"fixed";"B";"biały";"D2";"{""type"":""startNumber"",""number"":3}"
"pairs-5-pzm";"7";"main";"fixed";"C";"niebieski";"D4";"{""type"":""startNumber"",""number"":8}"
"pairs-5-pzm";"7";"main";"fixed";"D";"żółty";"D2";"{""type"":""startNumber"",""number"":4}"
"pairs-5-pzm";"8";"main";"fixed";"A";"czerwony";"D5";"{""type"":""startNumber"",""number"":9}"
"pairs-5-pzm";"8";"main";"fixed";"B";"biały";"D3";"{""type"":""startNumber"",""number"":5}"
"pairs-5-pzm";"8";"main";"fixed";"C";"niebieski";"D5";"{""type"":""startNumber"",""number"":10}"
"pairs-5-pzm";"8";"main";"fixed";"D";"żółty";"D3";"{""type"":""startNumber"",""number"":6}"
"pairs-5-pzm";"9";"main";"fixed";"A";"czerwony";"D1";"{""type"":""startNumber"",""number"":1}"
"pairs-5-pzm";"9";"main";"fixed";"B";"biały";"D4";"{""type"":""startNumber"",""number"":7}"
"pairs-5-pzm";"9";"main";"fixed";"C";"niebieski";"D1";"{""type"":""startNumber"",""number"":2}"
"pairs-5-pzm";"9";"main";"fixed";"D";"żółty";"D4";"{""type"":""startNumber"",""number"":8}"
"pairs-5-pzm";"10";"main";"fixed";"A";"czerwony";"D2";"{""type"":""startNumber"",""number"":3}"
"pairs-5-pzm";"10";"main";"fixed";"B";"biały";"D5";"{""type"":""startNumber"",""number"":9}"
"pairs-5-pzm";"10";"main";"fixed";"C";"niebieski";"D2";"{""type"":""startNumber"",""number"":4}"
"pairs-5-pzm";"10";"main";"fixed";"D";"żółty";"D5";"{""type"":""startNumber"",""number"":10}"
"pairs-6-pzm";"1";"main";"fixed";"A";"czerwony";"D1";"{""type"":""startNumber"",""number"":1}"
"pairs-6-pzm";"1";"main";"fixed";"B";"biały";"D2";"{""type"":""startNumber"",""number"":3}"
"pairs-6-pzm";"1";"main";"fixed";"C";"niebieski";"D1";"{""type"":""startNumber"",""number"":2}"
"pairs-6-pzm";"1";"main";"fixed";"D";"żółty";"D2";"{""type"":""startNumber"",""number"":4}"
"pairs-6-pzm";"2";"main";"fixed";"A";"czerwony";"D3";"{""type"":""startNumber"",""number"":5}"
"pairs-6-pzm";"2";"main";"fixed";"B";"biały";"D4";"{""type"":""startNumber"",""number"":7}"
"pairs-6-pzm";"2";"main";"fixed";"C";"niebieski";"D3";"{""type"":""startNumber"",""number"":6}"
"pairs-6-pzm";"2";"main";"fixed";"D";"żółty";"D4";"{""type"":""startNumber"",""number"":8}"
"pairs-6-pzm";"3";"main";"fixed";"A";"czerwony";"D6";"{""type"":""startNumber"",""number"":11}"
"pairs-6-pzm";"3";"main";"fixed";"B";"biały";"D5";"{""type"":""startNumber"",""number"":9}"
"pairs-6-pzm";"3";"main";"fixed";"C";"niebieski";"D6";"{""type"":""startNumber"",""number"":12}"
"pairs-6-pzm";"3";"main";"fixed";"D";"żółty";"D5";"{""type"":""startNumber"",""number"":10}"
"pairs-6-pzm";"4";"main";"fixed";"A";"czerwony";"D4";"{""type"":""startNumber"",""number"":7}"
"pairs-6-pzm";"4";"main";"fixed";"B";"biały";"D1";"{""type"":""startNumber"",""number"":1}"
"pairs-6-pzm";"4";"main";"fixed";"C";"niebieski";"D4";"{""type"":""startNumber"",""number"":8}"
"pairs-6-pzm";"4";"main";"fixed";"D";"żółty";"D1";"{""type"":""startNumber"",""number"":2}"
"pairs-6-pzm";"5";"main";"fixed";"A";"czerwony";"D5";"{""type"":""startNumber"",""number"":9}"
"pairs-6-pzm";"5";"main";"fixed";"B";"biały";"D3";"{""type"":""startNumber"",""number"":5}"
"pairs-6-pzm";"5";"main";"fixed";"C";"niebieski";"D5";"{""type"":""startNumber"",""number"":10}"
"pairs-6-pzm";"5";"main";"fixed";"D";"żółty";"D3";"{""type"":""startNumber"",""number"":6}"
"pairs-6-pzm";"6";"main";"fixed";"A";"czerwony";"D2";"{""type"":""startNumber"",""number"":3}"
"pairs-6-pzm";"6";"main";"fixed";"B";"biały";"D6";"{""type"":""startNumber"",""number"":11}"
"pairs-6-pzm";"6";"main";"fixed";"C";"niebieski";"D2";"{""type"":""startNumber"",""number"":4}"
"pairs-6-pzm";"6";"main";"fixed";"D";"żółty";"D6";"{""type"":""startNumber"",""number"":12}"
"pairs-6-pzm";"7";"main";"fixed";"A";"czerwony";"D1";"{""type"":""startNumber"",""number"":1}"
"pairs-6-pzm";"7";"main";"fixed";"B";"biały";"D3";"{""type"":""startNumber"",""number"":5}"
"pairs-6-pzm";"7";"main";"fixed";"C";"niebieski";"D1";"{""type"":""startNumber"",""number"":2}"
"pairs-6-pzm";"7";"main";"fixed";"D";"żółty";"D3";"{""type"":""startNumber"",""number"":6}"
"pairs-6-pzm";"8";"main";"fixed";"A";"czerwony";"D6";"{""type"":""startNumber"",""number"":11}"
"pairs-6-pzm";"8";"main";"fixed";"B";"biały";"D4";"{""type"":""startNumber"",""number"":7}"
"pairs-6-pzm";"8";"main";"fixed";"C";"niebieski";"D6";"{""type"":""startNumber"",""number"":12}"
"pairs-6-pzm";"8";"main";"fixed";"D";"żółty";"D4";"{""type"":""startNumber"",""number"":8}"
"pairs-6-pzm";"9";"main";"fixed";"A";"czerwony";"D5";"{""type"":""startNumber"",""number"":9}"
"pairs-6-pzm";"9";"main";"fixed";"B";"biały";"D2";"{""type"":""startNumber"",""number"":3}"
"pairs-6-pzm";"9";"main";"fixed";"C";"niebieski";"D5";"{""type"":""startNumber"",""number"":10}"
"pairs-6-pzm";"9";"main";"fixed";"D";"żółty";"D2";"{""type"":""startNumber"",""number"":4}"
"pairs-6-pzm";"10";"main";"fixed";"A";"czerwony";"D3";"{""type"":""startNumber"",""number"":5}"
"pairs-6-pzm";"10";"main";"fixed";"B";"biały";"D6";"{""type"":""startNumber"",""number"":11}"
"pairs-6-pzm";"10";"main";"fixed";"C";"niebieski";"D3";"{""type"":""startNumber"",""number"":6}"
"pairs-6-pzm";"10";"main";"fixed";"D";"żółty";"D6";"{""type"":""startNumber"",""number"":12}"
"pairs-6-pzm";"11";"main";"fixed";"A";"czerwony";"D1";"{""type"":""startNumber"",""number"":1}"
"pairs-6-pzm";"11";"main";"fixed";"B";"biały";"D5";"{""type"":""startNumber"",""number"":9}"
"pairs-6-pzm";"11";"main";"fixed";"C";"niebieski";"D1";"{""type"":""startNumber"",""number"":2}"
"pairs-6-pzm";"11";"main";"fixed";"D";"żółty";"D5";"{""type"":""startNumber"",""number"":10}"
"pairs-6-pzm";"12";"main";"fixed";"A";"czerwony";"D2";"{""type"":""startNumber"",""number"":3}"
"pairs-6-pzm";"12";"main";"fixed";"B";"biały";"D4";"{""type"":""startNumber"",""number"":7}"
"pairs-6-pzm";"12";"main";"fixed";"C";"niebieski";"D2";"{""type"":""startNumber"",""number"":4}"
"pairs-6-pzm";"12";"main";"fixed";"D";"żółty";"D4";"{""type"":""startNumber"",""number"":8}"
"pairs-6-pzm";"13";"main";"fixed";"A";"czerwony";"D6";"{""type"":""startNumber"",""number"":11}"
"pairs-6-pzm";"13";"main";"fixed";"B";"biały";"D1";"{""type"":""startNumber"",""number"":1}"
"pairs-6-pzm";"13";"main";"fixed";"C";"niebieski";"D6";"{""type"":""startNumber"",""number"":12}"
"pairs-6-pzm";"13";"main";"fixed";"D";"żółty";"D1";"{""type"":""startNumber"",""number"":2}"
"pairs-6-pzm";"14";"main";"fixed";"A";"czerwony";"D4";"{""type"":""startNumber"",""number"":7}"
"pairs-6-pzm";"14";"main";"fixed";"B";"biały";"D5";"{""type"":""startNumber"",""number"":9}"
"pairs-6-pzm";"14";"main";"fixed";"C";"niebieski";"D4";"{""type"":""startNumber"",""number"":8}"
"pairs-6-pzm";"14";"main";"fixed";"D";"żółty";"D5";"{""type"":""startNumber"",""number"":10}"
"pairs-6-pzm";"15";"main";"fixed";"A";"czerwony";"D3";"{""type"":""startNumber"",""number"":5}"
"pairs-6-pzm";"15";"main";"fixed";"B";"biały";"D2";"{""type"":""startNumber"",""number"":3}"
"pairs-6-pzm";"15";"main";"fixed";"C";"niebieski";"D3";"{""type"":""startNumber"",""number"":6}"
"pairs-6-pzm";"15";"main";"fixed";"D";"żółty";"D2";"{""type"":""startNumber"",""number"":4}"
"pairs-7-pzm";"1";"main";"fixed";"A";"czerwony";"D1";"{""type"":""startNumber"",""number"":1}"
"pairs-7-pzm";"1";"main";"fixed";"B";"biały";"D2";"{""type"":""startNumber"",""number"":3}"
"pairs-7-pzm";"1";"main";"fixed";"C";"niebieski";"D1";"{""type"":""startNumber"",""number"":2}"
"pairs-7-pzm";"1";"main";"fixed";"D";"żółty";"D2";"{""type"":""startNumber"",""number"":4}"
"pairs-7-pzm";"2";"main";"fixed";"A";"czerwony";"D3";"{""type"":""startNumber"",""number"":5}"
"pairs-7-pzm";"2";"main";"fixed";"B";"biały";"D4";"{""type"":""startNumber"",""number"":7}"
"pairs-7-pzm";"2";"main";"fixed";"C";"niebieski";"D3";"{""type"":""startNumber"",""number"":6}"
"pairs-7-pzm";"2";"main";"fixed";"D";"żółty";"D4";"{""type"":""startNumber"",""number"":8}"
"pairs-7-pzm";"3";"main";"fixed";"A";"czerwony";"D5";"{""type"":""startNumber"",""number"":9}"
"pairs-7-pzm";"3";"main";"fixed";"B";"biały";"D6";"{""type"":""startNumber"",""number"":11}"
"pairs-7-pzm";"3";"main";"fixed";"C";"niebieski";"D5";"{""type"":""startNumber"",""number"":10}"
"pairs-7-pzm";"3";"main";"fixed";"D";"żółty";"D6";"{""type"":""startNumber"",""number"":12}"
"pairs-7-pzm";"4";"main";"fixed";"A";"czerwony";"D7";"{""type"":""startNumber"",""number"":13}"
"pairs-7-pzm";"4";"main";"fixed";"B";"biały";"D1";"{""type"":""startNumber"",""number"":1}"
"pairs-7-pzm";"4";"main";"fixed";"C";"niebieski";"D7";"{""type"":""startNumber"",""number"":14}"
"pairs-7-pzm";"4";"main";"fixed";"D";"żółty";"D1";"{""type"":""startNumber"",""number"":2}"
"pairs-7-pzm";"5";"main";"fixed";"A";"czerwony";"D2";"{""type"":""startNumber"",""number"":3}"
"pairs-7-pzm";"5";"main";"fixed";"B";"biały";"D3";"{""type"":""startNumber"",""number"":5}"
"pairs-7-pzm";"5";"main";"fixed";"C";"niebieski";"D2";"{""type"":""startNumber"",""number"":4}"
"pairs-7-pzm";"5";"main";"fixed";"D";"żółty";"D3";"{""type"":""startNumber"",""number"":6}"
"pairs-7-pzm";"6";"main";"fixed";"A";"czerwony";"D4";"{""type"":""startNumber"",""number"":7}"
"pairs-7-pzm";"6";"main";"fixed";"B";"biały";"D5";"{""type"":""startNumber"",""number"":9}"
"pairs-7-pzm";"6";"main";"fixed";"C";"niebieski";"D4";"{""type"":""startNumber"",""number"":8}"
"pairs-7-pzm";"6";"main";"fixed";"D";"żółty";"D5";"{""type"":""startNumber"",""number"":10}"
"pairs-7-pzm";"7";"main";"fixed";"A";"czerwony";"D7";"{""type"":""startNumber"",""number"":13}"
"pairs-7-pzm";"7";"main";"fixed";"B";"biały";"D6";"{""type"":""startNumber"",""number"":11}"
"pairs-7-pzm";"7";"main";"fixed";"C";"niebieski";"D7";"{""type"":""startNumber"",""number"":14}"
"pairs-7-pzm";"7";"main";"fixed";"D";"żółty";"D6";"{""type"":""startNumber"",""number"":12}"
"pairs-7-pzm";"8";"main";"fixed";"A";"czerwony";"D1";"{""type"":""startNumber"",""number"":1}"
"pairs-7-pzm";"8";"main";"fixed";"B";"biały";"D3";"{""type"":""startNumber"",""number"":5}"
"pairs-7-pzm";"8";"main";"fixed";"C";"niebieski";"D1";"{""type"":""startNumber"",""number"":2}"
"pairs-7-pzm";"8";"main";"fixed";"D";"żółty";"D3";"{""type"":""startNumber"",""number"":6}"
"pairs-7-pzm";"9";"main";"fixed";"A";"czerwony";"D4";"{""type"":""startNumber"",""number"":7}"
"pairs-7-pzm";"9";"main";"fixed";"B";"biały";"D2";"{""type"":""startNumber"",""number"":3}"
"pairs-7-pzm";"9";"main";"fixed";"C";"niebieski";"D4";"{""type"":""startNumber"",""number"":8}"
"pairs-7-pzm";"9";"main";"fixed";"D";"żółty";"D2";"{""type"":""startNumber"",""number"":4}"
"pairs-7-pzm";"10";"main";"fixed";"A";"czerwony";"D5";"{""type"":""startNumber"",""number"":9}"
"pairs-7-pzm";"10";"main";"fixed";"B";"biały";"D7";"{""type"":""startNumber"",""number"":13}"
"pairs-7-pzm";"10";"main";"fixed";"C";"niebieski";"D5";"{""type"":""startNumber"",""number"":10}"
"pairs-7-pzm";"10";"main";"fixed";"D";"żółty";"D7";"{""type"":""startNumber"",""number"":14}"
"pairs-7-pzm";"11";"main";"fixed";"A";"czerwony";"D6";"{""type"":""startNumber"",""number"":11}"
"pairs-7-pzm";"11";"main";"fixed";"B";"biały";"D1";"{""type"":""startNumber"",""number"":1}"
"pairs-7-pzm";"11";"main";"fixed";"C";"niebieski";"D6";"{""type"":""startNumber"",""number"":12}"
"pairs-7-pzm";"11";"main";"fixed";"D";"żółty";"D1";"{""type"":""startNumber"",""number"":2}"
"pairs-7-pzm";"12";"main";"fixed";"A";"czerwony";"D2";"{""type"":""startNumber"",""number"":3}"
"pairs-7-pzm";"12";"main";"fixed";"B";"biały";"D5";"{""type"":""startNumber"",""number"":9}"
"pairs-7-pzm";"12";"main";"fixed";"C";"niebieski";"D2";"{""type"":""startNumber"",""number"":4}"
"pairs-7-pzm";"12";"main";"fixed";"D";"żółty";"D5";"{""type"":""startNumber"",""number"":10}"
"pairs-7-pzm";"13";"main";"fixed";"A";"czerwony";"D3";"{""type"":""startNumber"",""number"":5}"
"pairs-7-pzm";"13";"main";"fixed";"B";"biały";"D6";"{""type"":""startNumber"",""number"":11}"
"pairs-7-pzm";"13";"main";"fixed";"C";"niebieski";"D3";"{""type"":""startNumber"",""number"":6}"
"pairs-7-pzm";"13";"main";"fixed";"D";"żółty";"D6";"{""type"":""startNumber"",""number"":12}"
"pairs-7-pzm";"14";"main";"fixed";"A";"czerwony";"D7";"{""type"":""startNumber"",""number"":13}"
"pairs-7-pzm";"14";"main";"fixed";"B";"biały";"D4";"{""type"":""startNumber"",""number"":7}"
"pairs-7-pzm";"14";"main";"fixed";"C";"niebieski";"D7";"{""type"":""startNumber"",""number"":14}"
"pairs-7-pzm";"14";"main";"fixed";"D";"żółty";"D4";"{""type"":""startNumber"",""number"":8}"
"pairs-7-pzm";"15";"main";"fixed";"A";"czerwony";"D1";"{""type"":""startNumber"",""number"":1}"
"pairs-7-pzm";"15";"main";"fixed";"B";"biały";"D5";"{""type"":""startNumber"",""number"":9}"
"pairs-7-pzm";"15";"main";"fixed";"C";"niebieski";"D1";"{""type"":""startNumber"",""number"":2}"
"pairs-7-pzm";"15";"main";"fixed";"D";"żółty";"D5";"{""type"":""startNumber"",""number"":10}"
"pairs-7-pzm";"16";"main";"fixed";"A";"czerwony";"D6";"{""type"":""startNumber"",""number"":11}"
"pairs-7-pzm";"16";"main";"fixed";"B";"biały";"D2";"{""type"":""startNumber"",""number"":3}"
"pairs-7-pzm";"16";"main";"fixed";"C";"niebieski";"D6";"{""type"":""startNumber"",""number"":12}"
"pairs-7-pzm";"16";"main";"fixed";"D";"żółty";"D2";"{""type"":""startNumber"",""number"":4}"
"pairs-7-pzm";"17";"main";"fixed";"A";"czerwony";"D3";"{""type"":""startNumber"",""number"":5}"
"pairs-7-pzm";"17";"main";"fixed";"B";"biały";"D7";"{""type"":""startNumber"",""number"":13}"
"pairs-7-pzm";"17";"main";"fixed";"C";"niebieski";"D3";"{""type"":""startNumber"",""number"":6}"
"pairs-7-pzm";"17";"main";"fixed";"D";"żółty";"D7";"{""type"":""startNumber"",""number"":14}"
"pairs-7-pzm";"18";"main";"fixed";"A";"czerwony";"D4";"{""type"":""startNumber"",""number"":7}"
"pairs-7-pzm";"18";"main";"fixed";"B";"biały";"D1";"{""type"":""startNumber"",""number"":1}"
"pairs-7-pzm";"18";"main";"fixed";"C";"niebieski";"D4";"{""type"":""startNumber"",""number"":8}"
"pairs-7-pzm";"18";"main";"fixed";"D";"żółty";"D1";"{""type"":""startNumber"",""number"":2}"
"pairs-7-pzm";"19";"main";"fixed";"A";"czerwony";"D2";"{""type"":""startNumber"",""number"":3}"
"pairs-7-pzm";"19";"main";"fixed";"B";"biały";"D7";"{""type"":""startNumber"",""number"":13}"
"pairs-7-pzm";"19";"main";"fixed";"C";"niebieski";"D2";"{""type"":""startNumber"",""number"":4}"
"pairs-7-pzm";"19";"main";"fixed";"D";"żółty";"D7";"{""type"":""startNumber"",""number"":14}"
"pairs-7-pzm";"20";"main";"fixed";"A";"czerwony";"D5";"{""type"":""startNumber"",""number"":9}"
"pairs-7-pzm";"20";"main";"fixed";"B";"biały";"D3";"{""type"":""startNumber"",""number"":5}"
"pairs-7-pzm";"20";"main";"fixed";"C";"niebieski";"D5";"{""type"":""startNumber"",""number"":10}"
"pairs-7-pzm";"20";"main";"fixed";"D";"żółty";"D3";"{""type"":""startNumber"",""number"":6}"
"pairs-7-pzm";"21";"main";"fixed";"A";"czerwony";"D6";"{""type"":""startNumber"",""number"":11}"
"pairs-7-pzm";"21";"main";"fixed";"B";"biały";"D4";"{""type"":""startNumber"",""number"":7}"
"pairs-7-pzm";"21";"main";"fixed";"C";"niebieski";"D6";"{""type"":""startNumber"",""number"":12}"
"pairs-7-pzm";"21";"main";"fixed";"D";"żółty";"D4";"{""type"":""startNumber"",""number"":8}"
"pairs-6-fime";"1";"main";"fixed";"A";"czerwony";"D1";"{""type"":""startNumber"",""number"":1}"
"pairs-6-fime";"1";"main";"fixed";"B";"biały";"D2";"{""type"":""startNumber"",""number"":3}"
"pairs-6-fime";"1";"main";"fixed";"C";"niebieski";"D1";"{""type"":""startNumber"",""number"":2}"
"pairs-6-fime";"1";"main";"fixed";"D";"żółty";"D2";"{""type"":""startNumber"",""number"":4}"
"pairs-6-fime";"2";"main";"fixed";"A";"czerwony";"D3";"{""type"":""startNumber"",""number"":5}"
"pairs-6-fime";"2";"main";"fixed";"B";"biały";"D4";"{""type"":""startNumber"",""number"":7}"
"pairs-6-fime";"2";"main";"fixed";"C";"niebieski";"D3";"{""type"":""startNumber"",""number"":6}"
"pairs-6-fime";"2";"main";"fixed";"D";"żółty";"D4";"{""type"":""startNumber"",""number"":8}"
"pairs-6-fime";"3";"main";"fixed";"A";"czerwony";"D5";"{""type"":""startNumber"",""number"":9}"
"pairs-6-fime";"3";"main";"fixed";"B";"biały";"D6";"{""type"":""startNumber"",""number"":11}"
"pairs-6-fime";"3";"main";"fixed";"C";"niebieski";"D5";"{""type"":""startNumber"",""number"":10}"
"pairs-6-fime";"3";"main";"fixed";"D";"żółty";"D6";"{""type"":""startNumber"",""number"":12}"
"pairs-6-fime";"4";"main";"fixed";"A";"czerwony";"D4";"{""type"":""startNumber"",""number"":7}"
"pairs-6-fime";"4";"main";"fixed";"B";"biały";"D1";"{""type"":""startNumber"",""number"":1}"
"pairs-6-fime";"4";"main";"fixed";"C";"niebieski";"D4";"{""type"":""startNumber"",""number"":8}"
"pairs-6-fime";"4";"main";"fixed";"D";"żółty";"D1";"{""type"":""startNumber"",""number"":2}"
"pairs-6-fime";"5";"main";"fixed";"A";"czerwony";"D2";"{""type"":""startNumber"",""number"":3}"
"pairs-6-fime";"5";"main";"fixed";"B";"biały";"D5";"{""type"":""startNumber"",""number"":9}"
"pairs-6-fime";"5";"main";"fixed";"C";"niebieski";"D2";"{""type"":""startNumber"",""number"":4}"
"pairs-6-fime";"5";"main";"fixed";"D";"żółty";"D5";"{""type"":""startNumber"",""number"":10}"
"pairs-6-fime";"6";"main";"fixed";"A";"czerwony";"D6";"{""type"":""startNumber"",""number"":11}"
"pairs-6-fime";"6";"main";"fixed";"B";"biały";"D3";"{""type"":""startNumber"",""number"":5}"
"pairs-6-fime";"6";"main";"fixed";"C";"niebieski";"D6";"{""type"":""startNumber"",""number"":12}"
"pairs-6-fime";"6";"main";"fixed";"D";"żółty";"D3";"{""type"":""startNumber"",""number"":6}"
"pairs-6-fime";"7";"main";"fixed";"A";"czerwony";"D4";"{""type"":""startNumber"",""number"":8}"
"pairs-6-fime";"7";"main";"fixed";"B";"biały";"D2";"{""type"":""startNumber"",""number"":4}"
"pairs-6-fime";"7";"main";"fixed";"C";"niebieski";"D4";"{""type"":""startNumber"",""number"":7}"
"pairs-6-fime";"7";"main";"fixed";"D";"żółty";"D2";"{""type"":""startNumber"",""number"":3}"
"pairs-6-fime";"8";"main";"fixed";"A";"czerwony";"D3";"{""type"":""startNumber"",""number"":6}"
"pairs-6-fime";"8";"main";"fixed";"B";"biały";"D5";"{""type"":""startNumber"",""number"":10}"
"pairs-6-fime";"8";"main";"fixed";"C";"niebieski";"D3";"{""type"":""startNumber"",""number"":5}"
"pairs-6-fime";"8";"main";"fixed";"D";"żółty";"D5";"{""type"":""startNumber"",""number"":9}"
"pairs-6-fime";"9";"main";"fixed";"A";"czerwony";"D1";"{""type"":""startNumber"",""number"":2}"
"pairs-6-fime";"9";"main";"fixed";"B";"biały";"D6";"{""type"":""startNumber"",""number"":12}"
"pairs-6-fime";"9";"main";"fixed";"C";"niebieski";"D1";"{""type"":""startNumber"",""number"":1}"
"pairs-6-fime";"9";"main";"fixed";"D";"żółty";"D6";"{""type"":""startNumber"",""number"":11}"
"pairs-6-fime";"10";"main";"fixed";"A";"czerwony";"D2";"{""type"":""startNumber"",""number"":4}"
"pairs-6-fime";"10";"main";"fixed";"B";"biały";"D3";"{""type"":""startNumber"",""number"":6}"
"pairs-6-fime";"10";"main";"fixed";"C";"niebieski";"D2";"{""type"":""startNumber"",""number"":3}"
"pairs-6-fime";"10";"main";"fixed";"D";"żółty";"D3";"{""type"":""startNumber"",""number"":5}"
"pairs-6-fime";"11";"main";"fixed";"A";"czerwony";"D5";"{""type"":""startNumber"",""number"":10}"
"pairs-6-fime";"11";"main";"fixed";"B";"biały";"D1";"{""type"":""startNumber"",""number"":2}"
"pairs-6-fime";"11";"main";"fixed";"C";"niebieski";"D5";"{""type"":""startNumber"",""number"":9}"
"pairs-6-fime";"11";"main";"fixed";"D";"żółty";"D1";"{""type"":""startNumber"",""number"":1}"
"pairs-6-fime";"12";"main";"fixed";"A";"czerwony";"D6";"{""type"":""startNumber"",""number"":12}"
"pairs-6-fime";"12";"main";"fixed";"B";"biały";"D4";"{""type"":""startNumber"",""number"":8}"
"pairs-6-fime";"12";"main";"fixed";"C";"niebieski";"D6";"{""type"":""startNumber"",""number"":11}"
"pairs-6-fime";"12";"main";"fixed";"D";"żółty";"D4";"{""type"":""startNumber"",""number"":7}"
"pairs-6-fime";"13";"main";"fixed";"A";"czerwony";"D6";"{""type"":""startNumber"",""number"":11}"
"pairs-6-fime";"13";"main";"fixed";"B";"biały";"D2";"{""type"":""startNumber"",""number"":3}"
"pairs-6-fime";"13";"main";"fixed";"C";"niebieski";"D6";"{""type"":""startNumber"",""number"":12}"
"pairs-6-fime";"13";"main";"fixed";"D";"żółty";"D2";"{""type"":""startNumber"",""number"":4}"
"pairs-6-fime";"14";"main";"fixed";"A";"czerwony";"D1";"{""type"":""startNumber"",""number"":1}"
"pairs-6-fime";"14";"main";"fixed";"B";"biały";"D3";"{""type"":""startNumber"",""number"":5}"
"pairs-6-fime";"14";"main";"fixed";"C";"niebieski";"D1";"{""type"":""startNumber"",""number"":2}"
"pairs-6-fime";"14";"main";"fixed";"D";"żółty";"D3";"{""type"":""startNumber"",""number"":6}"
"pairs-6-fime";"15";"main";"fixed";"A";"czerwony";"D4";"{""type"":""startNumber"",""number"":7}"
"pairs-6-fime";"15";"main";"fixed";"B";"biały";"D5";"{""type"":""startNumber"",""number"":9}"
"pairs-6-fime";"15";"main";"fixed";"C";"niebieski";"D4";"{""type"":""startNumber"",""number"":8}"
"pairs-6-fime";"15";"main";"fixed";"D";"żółty";"D5";"{""type"":""startNumber"",""number"":10}"
"pairs-7-fime";"1";"main";"fixed";"A";"czerwony";"D1";"{""type"":""startNumber"",""number"":1}"
"pairs-7-fime";"1";"main";"fixed";"B";"biały";"D2";"{""type"":""startNumber"",""number"":3}"
"pairs-7-fime";"1";"main";"fixed";"C";"niebieski";"D1";"{""type"":""startNumber"",""number"":2}"
"pairs-7-fime";"1";"main";"fixed";"D";"żółty";"D2";"{""type"":""startNumber"",""number"":4}"
"pairs-7-fime";"2";"main";"fixed";"A";"czerwony";"D3";"{""type"":""startNumber"",""number"":5}"
"pairs-7-fime";"2";"main";"fixed";"B";"biały";"D4";"{""type"":""startNumber"",""number"":7}"
"pairs-7-fime";"2";"main";"fixed";"C";"niebieski";"D3";"{""type"":""startNumber"",""number"":6}"
"pairs-7-fime";"2";"main";"fixed";"D";"żółty";"D4";"{""type"":""startNumber"",""number"":8}"
"pairs-7-fime";"3";"main";"fixed";"A";"czerwony";"D5";"{""type"":""startNumber"",""number"":9}"
"pairs-7-fime";"3";"main";"fixed";"B";"biały";"D6";"{""type"":""startNumber"",""number"":11}"
"pairs-7-fime";"3";"main";"fixed";"C";"niebieski";"D5";"{""type"":""startNumber"",""number"":10}"
"pairs-7-fime";"3";"main";"fixed";"D";"żółty";"D6";"{""type"":""startNumber"",""number"":12}"
"pairs-7-fime";"4";"main";"fixed";"A";"czerwony";"D7";"{""type"":""startNumber"",""number"":13}"
"pairs-7-fime";"4";"main";"fixed";"B";"biały";"D1";"{""type"":""startNumber"",""number"":1}"
"pairs-7-fime";"4";"main";"fixed";"C";"niebieski";"D7";"{""type"":""startNumber"",""number"":14}"
"pairs-7-fime";"4";"main";"fixed";"D";"żółty";"D1";"{""type"":""startNumber"",""number"":2}"
"pairs-7-fime";"5";"main";"fixed";"A";"czerwony";"D2";"{""type"":""startNumber"",""number"":3}"
"pairs-7-fime";"5";"main";"fixed";"B";"biały";"D3";"{""type"":""startNumber"",""number"":5}"
"pairs-7-fime";"5";"main";"fixed";"C";"niebieski";"D2";"{""type"":""startNumber"",""number"":4}"
"pairs-7-fime";"5";"main";"fixed";"D";"żółty";"D3";"{""type"":""startNumber"",""number"":6}"
"pairs-7-fime";"6";"main";"fixed";"A";"czerwony";"D4";"{""type"":""startNumber"",""number"":7}"
"pairs-7-fime";"6";"main";"fixed";"B";"biały";"D5";"{""type"":""startNumber"",""number"":9}"
"pairs-7-fime";"6";"main";"fixed";"C";"niebieski";"D4";"{""type"":""startNumber"",""number"":8}"
"pairs-7-fime";"6";"main";"fixed";"D";"żółty";"D5";"{""type"":""startNumber"",""number"":10}"
"pairs-7-fime";"7";"main";"fixed";"A";"czerwony";"D7";"{""type"":""startNumber"",""number"":13}"
"pairs-7-fime";"7";"main";"fixed";"B";"biały";"D6";"{""type"":""startNumber"",""number"":11}"
"pairs-7-fime";"7";"main";"fixed";"C";"niebieski";"D7";"{""type"":""startNumber"",""number"":14}"
"pairs-7-fime";"7";"main";"fixed";"D";"żółty";"D6";"{""type"":""startNumber"",""number"":12}"
"pairs-7-fime";"8";"main";"fixed";"A";"czerwony";"D1";"{""type"":""startNumber"",""number"":1}"
"pairs-7-fime";"8";"main";"fixed";"B";"biały";"D3";"{""type"":""startNumber"",""number"":5}"
"pairs-7-fime";"8";"main";"fixed";"C";"niebieski";"D1";"{""type"":""startNumber"",""number"":2}"
"pairs-7-fime";"8";"main";"fixed";"D";"żółty";"D3";"{""type"":""startNumber"",""number"":6}"
"pairs-7-fime";"9";"main";"fixed";"A";"czerwony";"D4";"{""type"":""startNumber"",""number"":7}"
"pairs-7-fime";"9";"main";"fixed";"B";"biały";"D2";"{""type"":""startNumber"",""number"":3}"
"pairs-7-fime";"9";"main";"fixed";"C";"niebieski";"D4";"{""type"":""startNumber"",""number"":8}"
"pairs-7-fime";"9";"main";"fixed";"D";"żółty";"D2";"{""type"":""startNumber"",""number"":4}"
"pairs-7-fime";"10";"main";"fixed";"A";"czerwony";"D5";"{""type"":""startNumber"",""number"":9}"
"pairs-7-fime";"10";"main";"fixed";"B";"biały";"D7";"{""type"":""startNumber"",""number"":13}"
"pairs-7-fime";"10";"main";"fixed";"C";"niebieski";"D5";"{""type"":""startNumber"",""number"":10}"
"pairs-7-fime";"10";"main";"fixed";"D";"żółty";"D7";"{""type"":""startNumber"",""number"":14}"
"pairs-7-fime";"11";"main";"fixed";"A";"czerwony";"D6";"{""type"":""startNumber"",""number"":11}"
"pairs-7-fime";"11";"main";"fixed";"B";"biały";"D1";"{""type"":""startNumber"",""number"":1}"
"pairs-7-fime";"11";"main";"fixed";"C";"niebieski";"D6";"{""type"":""startNumber"",""number"":12}"
"pairs-7-fime";"11";"main";"fixed";"D";"żółty";"D1";"{""type"":""startNumber"",""number"":2}"
"pairs-7-fime";"12";"main";"fixed";"A";"czerwony";"D2";"{""type"":""startNumber"",""number"":3}"
"pairs-7-fime";"12";"main";"fixed";"B";"biały";"D5";"{""type"":""startNumber"",""number"":9}"
"pairs-7-fime";"12";"main";"fixed";"C";"niebieski";"D2";"{""type"":""startNumber"",""number"":4}"
"pairs-7-fime";"12";"main";"fixed";"D";"żółty";"D5";"{""type"":""startNumber"",""number"":10}"
"pairs-7-fime";"13";"main";"fixed";"A";"czerwony";"D3";"{""type"":""startNumber"",""number"":5}"
"pairs-7-fime";"13";"main";"fixed";"B";"biały";"D6";"{""type"":""startNumber"",""number"":11}"
"pairs-7-fime";"13";"main";"fixed";"C";"niebieski";"D3";"{""type"":""startNumber"",""number"":6}"
"pairs-7-fime";"13";"main";"fixed";"D";"żółty";"D6";"{""type"":""startNumber"",""number"":12}"
"pairs-7-fime";"14";"main";"fixed";"A";"czerwony";"D7";"{""type"":""startNumber"",""number"":13}"
"pairs-7-fime";"14";"main";"fixed";"B";"biały";"D4";"{""type"":""startNumber"",""number"":7}"
"pairs-7-fime";"14";"main";"fixed";"C";"niebieski";"D7";"{""type"":""startNumber"",""number"":14}"
"pairs-7-fime";"14";"main";"fixed";"D";"żółty";"D4";"{""type"":""startNumber"",""number"":8}"
"pairs-7-fime";"15";"main";"fixed";"A";"czerwony";"D1";"{""type"":""startNumber"",""number"":1}"
"pairs-7-fime";"15";"main";"fixed";"B";"biały";"D5";"{""type"":""startNumber"",""number"":9}"
"pairs-7-fime";"15";"main";"fixed";"C";"niebieski";"D1";"{""type"":""startNumber"",""number"":2}"
"pairs-7-fime";"15";"main";"fixed";"D";"żółty";"D5";"{""type"":""startNumber"",""number"":10}"
"pairs-7-fime";"16";"main";"fixed";"A";"czerwony";"D6";"{""type"":""startNumber"",""number"":11}"
"pairs-7-fime";"16";"main";"fixed";"B";"biały";"D2";"{""type"":""startNumber"",""number"":3}"
"pairs-7-fime";"16";"main";"fixed";"C";"niebieski";"D6";"{""type"":""startNumber"",""number"":12}"
"pairs-7-fime";"16";"main";"fixed";"D";"żółty";"D2";"{""type"":""startNumber"",""number"":4}"
"pairs-7-fime";"17";"main";"fixed";"A";"czerwony";"D3";"{""type"":""startNumber"",""number"":5}"
"pairs-7-fime";"17";"main";"fixed";"B";"biały";"D7";"{""type"":""startNumber"",""number"":13}"
"pairs-7-fime";"17";"main";"fixed";"C";"niebieski";"D3";"{""type"":""startNumber"",""number"":6}"
"pairs-7-fime";"17";"main";"fixed";"D";"żółty";"D7";"{""type"":""startNumber"",""number"":14}"
"pairs-7-fime";"18";"main";"fixed";"A";"czerwony";"D4";"{""type"":""startNumber"",""number"":7}"
"pairs-7-fime";"18";"main";"fixed";"B";"biały";"D1";"{""type"":""startNumber"",""number"":1}"
"pairs-7-fime";"18";"main";"fixed";"C";"niebieski";"D4";"{""type"":""startNumber"",""number"":8}"
"pairs-7-fime";"18";"main";"fixed";"D";"żółty";"D1";"{""type"":""startNumber"",""number"":2}"
"pairs-7-fime";"19";"main";"fixed";"A";"czerwony";"D2";"{""type"":""startNumber"",""number"":3}"
"pairs-7-fime";"19";"main";"fixed";"B";"biały";"D7";"{""type"":""startNumber"",""number"":13}"
"pairs-7-fime";"19";"main";"fixed";"C";"niebieski";"D2";"{""type"":""startNumber"",""number"":4}"
"pairs-7-fime";"19";"main";"fixed";"D";"żółty";"D7";"{""type"":""startNumber"",""number"":14}"
"pairs-7-fime";"20";"main";"fixed";"A";"czerwony";"D5";"{""type"":""startNumber"",""number"":9}"
"pairs-7-fime";"20";"main";"fixed";"B";"biały";"D3";"{""type"":""startNumber"",""number"":5}"
"pairs-7-fime";"20";"main";"fixed";"C";"niebieski";"D5";"{""type"":""startNumber"",""number"":10}"
"pairs-7-fime";"20";"main";"fixed";"D";"żółty";"D3";"{""type"":""startNumber"",""number"":6}"
"pairs-7-fime";"21";"main";"fixed";"A";"czerwony";"D6";"{""type"":""startNumber"",""number"":11}"
"pairs-7-fime";"21";"main";"fixed";"B";"biały";"D4";"{""type"":""startNumber"",""number"":7}"
"pairs-7-fime";"21";"main";"fixed";"C";"niebieski";"D6";"{""type"":""startNumber"",""number"":12}"
"pairs-7-fime";"21";"main";"fixed";"D";"żółty";"D4";"{""type"":""startNumber"",""number"":8}"
"pairs-8-fime";"1";"main";"fixed";"A";"czerwony";"D1";"{""type"":""startNumber"",""number"":1}"
"pairs-8-fime";"1";"main";"fixed";"B";"biały";"D2";"{""type"":""startNumber"",""number"":3}"
"pairs-8-fime";"1";"main";"fixed";"C";"niebieski";"D1";"{""type"":""startNumber"",""number"":2}"
"pairs-8-fime";"1";"main";"fixed";"D";"żółty";"D2";"{""type"":""startNumber"",""number"":4}"
"pairs-8-fime";"2";"main";"fixed";"A";"czerwony";"D3";"{""type"":""startNumber"",""number"":5}"
"pairs-8-fime";"2";"main";"fixed";"B";"biały";"D4";"{""type"":""startNumber"",""number"":7}"
"pairs-8-fime";"2";"main";"fixed";"C";"niebieski";"D3";"{""type"":""startNumber"",""number"":6}"
"pairs-8-fime";"2";"main";"fixed";"D";"żółty";"D4";"{""type"":""startNumber"",""number"":8}"
"pairs-8-fime";"3";"main";"fixed";"A";"czerwony";"D5";"{""type"":""startNumber"",""number"":9}"
"pairs-8-fime";"3";"main";"fixed";"B";"biały";"D6";"{""type"":""startNumber"",""number"":11}"
"pairs-8-fime";"3";"main";"fixed";"C";"niebieski";"D5";"{""type"":""startNumber"",""number"":10}"
"pairs-8-fime";"3";"main";"fixed";"D";"żółty";"D6";"{""type"":""startNumber"",""number"":12}"
"pairs-8-fime";"4";"main";"fixed";"A";"czerwony";"D7";"{""type"":""startNumber"",""number"":13}"
"pairs-8-fime";"4";"main";"fixed";"B";"biały";"D8";"{""type"":""startNumber"",""number"":15}"
"pairs-8-fime";"4";"main";"fixed";"C";"niebieski";"D7";"{""type"":""startNumber"",""number"":14}"
"pairs-8-fime";"4";"main";"fixed";"D";"żółty";"D8";"{""type"":""startNumber"",""number"":16}"
"pairs-8-fime";"5";"main";"fixed";"A";"czerwony";"D4";"{""type"":""startNumber"",""number"":7}"
"pairs-8-fime";"5";"main";"fixed";"B";"biały";"D1";"{""type"":""startNumber"",""number"":1}"
"pairs-8-fime";"5";"main";"fixed";"C";"niebieski";"D4";"{""type"":""startNumber"",""number"":8}"
"pairs-8-fime";"5";"main";"fixed";"D";"żółty";"D1";"{""type"":""startNumber"",""number"":2}"
"pairs-8-fime";"6";"main";"fixed";"A";"czerwony";"D2";"{""type"":""startNumber"",""number"":3}"
"pairs-8-fime";"6";"main";"fixed";"B";"biały";"D3";"{""type"":""startNumber"",""number"":5}"
"pairs-8-fime";"6";"main";"fixed";"C";"niebieski";"D2";"{""type"":""startNumber"",""number"":4}"
"pairs-8-fime";"6";"main";"fixed";"D";"żółty";"D3";"{""type"":""startNumber"",""number"":6}"
"pairs-8-fime";"7";"main";"fixed";"A";"czerwony";"D8";"{""type"":""startNumber"",""number"":15}"
"pairs-8-fime";"7";"main";"fixed";"B";"biały";"D5";"{""type"":""startNumber"",""number"":9}"
"pairs-8-fime";"7";"main";"fixed";"C";"niebieski";"D8";"{""type"":""startNumber"",""number"":16}"
"pairs-8-fime";"7";"main";"fixed";"D";"żółty";"D5";"{""type"":""startNumber"",""number"":10}"
"pairs-8-fime";"8";"main";"fixed";"A";"czerwony";"D6";"{""type"":""startNumber"",""number"":11}"
"pairs-8-fime";"8";"main";"fixed";"B";"biały";"D7";"{""type"":""startNumber"",""number"":13}"
"pairs-8-fime";"8";"main";"fixed";"C";"niebieski";"D6";"{""type"":""startNumber"",""number"":12}"
"pairs-8-fime";"8";"main";"fixed";"D";"żółty";"D7";"{""type"":""startNumber"",""number"":14}"
"pairs-8-fime";"9";"main";"fixed";"A";"czerwony";"D1";"{""type"":""startNumber"",""number"":1}"
"pairs-8-fime";"9";"main";"fixed";"B";"biały";"D6";"{""type"":""startNumber"",""number"":11}"
"pairs-8-fime";"9";"main";"fixed";"C";"niebieski";"D1";"{""type"":""startNumber"",""number"":2}"
"pairs-8-fime";"9";"main";"fixed";"D";"żółty";"D6";"{""type"":""startNumber"",""number"":12}"
"pairs-8-fime";"10";"main";"fixed";"A";"czerwony";"D5";"{""type"":""startNumber"",""number"":9}"
"pairs-8-fime";"10";"main";"fixed";"B";"biały";"D2";"{""type"":""startNumber"",""number"":3}"
"pairs-8-fime";"10";"main";"fixed";"C";"niebieski";"D5";"{""type"":""startNumber"",""number"":10}"
"pairs-8-fime";"10";"main";"fixed";"D";"żółty";"D2";"{""type"":""startNumber"",""number"":4}"
"pairs-8-fime";"11";"main";"fixed";"A";"czerwony";"D3";"{""type"":""startNumber"",""number"":5}"
"pairs-8-fime";"11";"main";"fixed";"B";"biały";"D8";"{""type"":""startNumber"",""number"":15}"
"pairs-8-fime";"11";"main";"fixed";"C";"niebieski";"D3";"{""type"":""startNumber"",""number"":6}"
"pairs-8-fime";"11";"main";"fixed";"D";"żółty";"D8";"{""type"":""startNumber"",""number"":16}"
"pairs-8-fime";"12";"main";"fixed";"A";"czerwony";"D7";"{""type"":""startNumber"",""number"":13}"
"pairs-8-fime";"12";"main";"fixed";"B";"biały";"D4";"{""type"":""startNumber"",""number"":7}"
"pairs-8-fime";"12";"main";"fixed";"C";"niebieski";"D7";"{""type"":""startNumber"",""number"":14}"
"pairs-8-fime";"12";"main";"fixed";"D";"żółty";"D4";"{""type"":""startNumber"",""number"":8}"
"pairs-8-fime";"13";"main";"fixed";"A";"czerwony";"D8";"{""type"":""startNumber"",""number"":15}"
"pairs-8-fime";"13";"main";"fixed";"B";"biały";"D1";"{""type"":""startNumber"",""number"":1}"
"pairs-8-fime";"13";"main";"fixed";"C";"niebieski";"D8";"{""type"":""startNumber"",""number"":16}"
"pairs-8-fime";"13";"main";"fixed";"D";"żółty";"D1";"{""type"":""startNumber"",""number"":2}"
"pairs-8-fime";"14";"main";"fixed";"A";"czerwony";"D2";"{""type"":""startNumber"",""number"":3}"
"pairs-8-fime";"14";"main";"fixed";"B";"biały";"D7";"{""type"":""startNumber"",""number"":13}"
"pairs-8-fime";"14";"main";"fixed";"C";"niebieski";"D2";"{""type"":""startNumber"",""number"":4}"
"pairs-8-fime";"14";"main";"fixed";"D";"żółty";"D7";"{""type"":""startNumber"",""number"":14}"
"pairs-8-fime";"15";"main";"fixed";"A";"czerwony";"D6";"{""type"":""startNumber"",""number"":11}"
"pairs-8-fime";"15";"main";"fixed";"B";"biały";"D3";"{""type"":""startNumber"",""number"":5}"
"pairs-8-fime";"15";"main";"fixed";"C";"niebieski";"D6";"{""type"":""startNumber"",""number"":12}"
"pairs-8-fime";"15";"main";"fixed";"D";"żółty";"D3";"{""type"":""startNumber"",""number"":6}"
"pairs-8-fime";"16";"main";"fixed";"A";"czerwony";"D4";"{""type"":""startNumber"",""number"":7}"
"pairs-8-fime";"16";"main";"fixed";"B";"biały";"D5";"{""type"":""startNumber"",""number"":9}"
"pairs-8-fime";"16";"main";"fixed";"C";"niebieski";"D4";"{""type"":""startNumber"",""number"":8}"
"pairs-8-fime";"16";"main";"fixed";"D";"żółty";"D5";"{""type"":""startNumber"",""number"":10}"
"pairs-8-fime";"17";"main";"fixed";"A";"czerwony";"D8";"{""type"":""startNumber"",""number"":15}"
"pairs-8-fime";"17";"main";"fixed";"B";"biały";"D2";"{""type"":""startNumber"",""number"":3}"
"pairs-8-fime";"17";"main";"fixed";"C";"niebieski";"D8";"{""type"":""startNumber"",""number"":16}"
"pairs-8-fime";"17";"main";"fixed";"D";"żółty";"D2";"{""type"":""startNumber"",""number"":4}"
"pairs-8-fime";"18";"main";"fixed";"A";"czerwony";"D3";"{""type"":""startNumber"",""number"":5}"
"pairs-8-fime";"18";"main";"fixed";"B";"biały";"D7";"{""type"":""startNumber"",""number"":13}"
"pairs-8-fime";"18";"main";"fixed";"C";"niebieski";"D3";"{""type"":""startNumber"",""number"":6}"
"pairs-8-fime";"18";"main";"fixed";"D";"żółty";"D7";"{""type"":""startNumber"",""number"":14}"
"pairs-8-fime";"19";"main";"fixed";"A";"czerwony";"D1";"{""type"":""startNumber"",""number"":1}"
"pairs-8-fime";"19";"main";"fixed";"B";"biały";"D5";"{""type"":""startNumber"",""number"":9}"
"pairs-8-fime";"19";"main";"fixed";"C";"niebieski";"D1";"{""type"":""startNumber"",""number"":2}"
"pairs-8-fime";"19";"main";"fixed";"D";"żółty";"D5";"{""type"":""startNumber"",""number"":10}"
"pairs-8-fime";"20";"main";"fixed";"A";"czerwony";"D6";"{""type"":""startNumber"",""number"":11}"
"pairs-8-fime";"20";"main";"fixed";"B";"biały";"D4";"{""type"":""startNumber"",""number"":7}"
"pairs-8-fime";"20";"main";"fixed";"C";"niebieski";"D6";"{""type"":""startNumber"",""number"":12}"
"pairs-8-fime";"20";"main";"fixed";"D";"żółty";"D4";"{""type"":""startNumber"",""number"":8}"
"pairs-8-fime";"21";"main";"fixed";"A";"czerwony";"D5";"{""type"":""startNumber"",""number"":9}"
"pairs-8-fime";"21";"main";"fixed";"B";"biały";"D3";"{""type"":""startNumber"",""number"":5}"
"pairs-8-fime";"21";"main";"fixed";"C";"niebieski";"D5";"{""type"":""startNumber"",""number"":10}"
"pairs-8-fime";"21";"main";"fixed";"D";"żółty";"D3";"{""type"":""startNumber"",""number"":6}"
"pairs-8-fime";"22";"main";"fixed";"A";"czerwony";"D7";"{""type"":""startNumber"",""number"":13}"
"pairs-8-fime";"22";"main";"fixed";"B";"biały";"D1";"{""type"":""startNumber"",""number"":1}"
"pairs-8-fime";"22";"main";"fixed";"C";"niebieski";"D7";"{""type"":""startNumber"",""number"":14}"
"pairs-8-fime";"22";"main";"fixed";"D";"żółty";"D1";"{""type"":""startNumber"",""number"":2}"
"pairs-8-fime";"23";"main";"fixed";"A";"czerwony";"D2";"{""type"":""startNumber"",""number"":3}"
"pairs-8-fime";"23";"main";"fixed";"B";"biały";"D6";"{""type"":""startNumber"",""number"":11}"
"pairs-8-fime";"23";"main";"fixed";"C";"niebieski";"D2";"{""type"":""startNumber"",""number"":4}"
"pairs-8-fime";"23";"main";"fixed";"D";"żółty";"D6";"{""type"":""startNumber"",""number"":12}"
"pairs-8-fime";"24";"main";"fixed";"A";"czerwony";"D4";"{""type"":""startNumber"",""number"":7}"
"pairs-8-fime";"24";"main";"fixed";"B";"biały";"D8";"{""type"":""startNumber"",""number"":15}"
"pairs-8-fime";"24";"main";"fixed";"C";"niebieski";"D4";"{""type"":""startNumber"",""number"":8}"
"pairs-8-fime";"24";"main";"fixed";"D";"żółty";"D8";"{""type"":""startNumber"",""number"":16}"
"pairs-8-fime";"25";"main";"fixed";"A";"czerwony";"D3";"{""type"":""startNumber"",""number"":5}"
"pairs-8-fime";"25";"main";"fixed";"B";"biały";"D1";"{""type"":""startNumber"",""number"":1}"
"pairs-8-fime";"25";"main";"fixed";"C";"niebieski";"D3";"{""type"":""startNumber"",""number"":6}"
"pairs-8-fime";"25";"main";"fixed";"D";"żółty";"D1";"{""type"":""startNumber"",""number"":2}"
"pairs-8-fime";"26";"main";"fixed";"A";"czerwony";"D4";"{""type"":""startNumber"",""number"":7}"
"pairs-8-fime";"26";"main";"fixed";"B";"biały";"D2";"{""type"":""startNumber"",""number"":3}"
"pairs-8-fime";"26";"main";"fixed";"C";"niebieski";"D4";"{""type"":""startNumber"",""number"":8}"
"pairs-8-fime";"26";"main";"fixed";"D";"żółty";"D2";"{""type"":""startNumber"",""number"":4}"
"pairs-8-fime";"27";"main";"fixed";"A";"czerwony";"D7";"{""type"":""startNumber"",""number"":13}"
"pairs-8-fime";"27";"main";"fixed";"B";"biały";"D5";"{""type"":""startNumber"",""number"":9}"
"pairs-8-fime";"27";"main";"fixed";"C";"niebieski";"D7";"{""type"":""startNumber"",""number"":14}"
"pairs-8-fime";"27";"main";"fixed";"D";"żółty";"D5";"{""type"":""startNumber"",""number"":10}"
"pairs-8-fime";"28";"main";"fixed";"A";"czerwony";"D6";"{""type"":""startNumber"",""number"":11}"
"pairs-8-fime";"28";"main";"fixed";"B";"biały";"D8";"{""type"":""startNumber"",""number"":15}"
"pairs-8-fime";"28";"main";"fixed";"C";"niebieski";"D6";"{""type"":""startNumber"",""number"":12}"
"pairs-8-fime";"28";"main";"fixed";"D";"żółty";"D8";"{""type"":""startNumber"",""number"":16}"
"dmpj-4-20";"1";"main";"fixed";"A";"biały";"D3";"{""type"":""startNumber"",""number"":12}"
"dmpj-4-20";"1";"main";"fixed";"B";"niebieski";"D2";"{""type"":""startNumber"",""number"":5}"
"dmpj-4-20";"1";"main";"fixed";"C";"czerwony";"D1";"{""type"":""startNumber"",""number"":4}"
"dmpj-4-20";"1";"main";"fixed";"D";"żółty";"D4";"{""type"":""startNumber"",""number"":14}"
"dmpj-4-20";"2";"main";"fixed";"A";"niebieski";"D2";"{""type"":""startNumber"",""number"":6}"
"dmpj-4-20";"2";"main";"fixed";"B";"czerwony";"D1";"{""type"":""startNumber"",""number"":3}"
"dmpj-4-20";"2";"main";"fixed";"C";"żółty";"D4";"{""type"":""startNumber"",""number"":13}"
"dmpj-4-20";"2";"main";"fixed";"D";"biały";"D3";"{""type"":""startNumber"",""number"":11}"
"dmpj-4-20";"3";"main";"fixed";"A";"czerwony";"D1";"{""type"":""startNumber"",""number"":2}"
"dmpj-4-20";"3";"main";"fixed";"B";"biały";"D3";"{""type"":""startNumber"",""number"":9}"
"dmpj-4-20";"3";"main";"fixed";"C";"niebieski";"D2";"{""type"":""startNumber"",""number"":8}"
"dmpj-4-20";"3";"main";"fixed";"D";"żółty";"D4";"{""type"":""startNumber"",""number"":15}"
"dmpj-4-20";"4";"main";"fixed";"A";"niebieski";"D2";"{""type"":""startNumber"",""number"":7}"
"dmpj-4-20";"4";"main";"fixed";"B";"czerwony";"D1";"{""type"":""startNumber"",""number"":1}"
"dmpj-4-20";"4";"main";"fixed";"C";"żółty";"D4";"{""type"":""startNumber"",""number"":16}"
"dmpj-4-20";"4";"main";"fixed";"D";"biały";"D3";"{""type"":""startNumber"",""number"":10}"
"dmpj-4-20";"5";"main";"fixed";"A";"biały";"D3";"{""type"":""startNumber"",""number"":9}"
"dmpj-4-20";"5";"main";"fixed";"B";"żółty";"D4";"{""type"":""startNumber"",""number"":16}"
"dmpj-4-20";"5";"main";"fixed";"C";"niebieski";"D2";"{""type"":""startNumber"",""number"":6}"
"dmpj-4-20";"5";"main";"fixed";"D";"czerwony";"D1";"{""type"":""startNumber"",""number"":4}"
"dmpj-4-20";"6";"main";"fixed";"A";"czerwony";"D1";"{""type"":""startNumber"",""number"":3}"
"dmpj-4-20";"6";"main";"fixed";"B";"biały";"D3";"{""type"":""startNumber"",""number"":10}"
"dmpj-4-20";"6";"main";"fixed";"C";"żółty";"D4";"{""type"":""startNumber"",""number"":15}"
"dmpj-4-20";"6";"main";"fixed";"D";"niebieski";"D2";"{""type"":""startNumber"",""number"":5}"
"dmpj-4-20";"7";"main";"fixed";"A";"żółty";"D4";"{""type"":""startNumber"",""number"":13}"
"dmpj-4-20";"7";"main";"fixed";"B";"biały";"D3";"{""type"":""startNumber"",""number"":12}"
"dmpj-4-20";"7";"main";"fixed";"C";"niebieski";"D2";"{""type"":""startNumber"",""number"":7}"
"dmpj-4-20";"7";"main";"fixed";"D";"czerwony";"D1";"{""type"":""startNumber"",""number"":2}"
"dmpj-4-20";"8";"main";"fixed";"A";"biały";"D3";"{""type"":""startNumber"",""number"":11}"
"dmpj-4-20";"8";"main";"fixed";"B";"żółty";"D4";"{""type"":""startNumber"",""number"":14}"
"dmpj-4-20";"8";"main";"fixed";"C";"czerwony";"D1";"{""type"":""startNumber"",""number"":1}"
"dmpj-4-20";"8";"main";"fixed";"D";"niebieski";"D2";"{""type"":""startNumber"",""number"":8}"
"dmpj-4-20";"9";"main";"fixed";"A";"niebieski";"D2";"{""type"":""startNumber"",""number"":8}"
"dmpj-4-20";"9";"main";"fixed";"B";"czerwony";"D1";"{""type"":""startNumber"",""number"":4}"
"dmpj-4-20";"9";"main";"fixed";"C";"biały";"D3";"{""type"":""startNumber"",""number"":10}"
"dmpj-4-20";"9";"main";"fixed";"D";"żółty";"D4";"{""type"":""startNumber"",""number"":13}"
"dmpj-4-20";"10";"main";"fixed";"A";"żółty";"D4";"{""type"":""startNumber"",""number"":14}"
"dmpj-4-20";"10";"main";"fixed";"B";"niebieski";"D2";"{""type"":""startNumber"",""number"":7}"
"dmpj-4-20";"10";"main";"fixed";"C";"biały";"D3";"{""type"":""startNumber"",""number"":9}"
"dmpj-4-20";"10";"main";"fixed";"D";"czerwony";"D1";"{""type"":""startNumber"",""number"":3}"
"dmpj-4-20";"11";"main";"fixed";"A";"niebieski";"D2";"{""type"":""startNumber"",""number"":5}"
"dmpj-4-20";"11";"main";"fixed";"B";"biały";"D3";"{""type"":""startNumber"",""number"":11}"
"dmpj-4-20";"11";"main";"fixed";"C";"czerwony";"D1";"{""type"":""startNumber"",""number"":2}"
"dmpj-4-20";"11";"main";"fixed";"D";"żółty";"D4";"{""type"":""startNumber"",""number"":16}"
"dmpj-4-20";"12";"main";"fixed";"A";"żółty";"D4";"{""type"":""startNumber"",""number"":15}"
"dmpj-4-20";"12";"main";"fixed";"B";"niebieski";"D2";"{""type"":""startNumber"",""number"":6}"
"dmpj-4-20";"12";"main";"fixed";"C";"biały";"D3";"{""type"":""startNumber"",""number"":12}"
"dmpj-4-20";"12";"main";"fixed";"D";"czerwony";"D1";"{""type"":""startNumber"",""number"":1}"
"dmpj-4-20";"13";"main";"fixed";"A";"żółty";"D4";"{""type"":""startNumber"",""number"":16}"
"dmpj-4-20";"13";"main";"fixed";"B";"niebieski";"D2";"{""type"":""startNumber"",""number"":8}"
"dmpj-4-20";"13";"main";"fixed";"C";"czerwony";"D1";"{""type"":""startNumber"",""number"":3}"
"dmpj-4-20";"13";"main";"fixed";"D";"biały";"D3";"{""type"":""startNumber"",""number"":12}"
"dmpj-4-20";"14";"main";"fixed";"A";"czerwony";"D1";"{""type"":""startNumber"",""number"":4}"
"dmpj-4-20";"14";"main";"fixed";"B";"żółty";"D4";"{""type"":""startNumber"",""number"":15}"
"dmpj-4-20";"14";"main";"fixed";"C";"biały";"D3";"{""type"":""startNumber"",""number"":11}"
"dmpj-4-20";"14";"main";"fixed";"D";"niebieski";"D2";"{""type"":""startNumber"",""number"":7}"
"dmpj-4-20";"15";"main";"fixed";"A";"biały";"D3";"{""type"":""startNumber"",""number"":10}"
"dmpj-4-20";"15";"main";"fixed";"B";"czerwony";"D1";"{""type"":""startNumber"",""number"":2}"
"dmpj-4-20";"15";"main";"fixed";"C";"żółty";"D4";"{""type"":""startNumber"",""number"":14}"
"dmpj-4-20";"15";"main";"fixed";"D";"niebieski";"D2";"{""type"":""startNumber"",""number"":6}"
"dmpj-4-20";"16";"main";"fixed";"A";"czerwony";"D1";"{""type"":""startNumber"",""number"":1}"
"dmpj-4-20";"16";"main";"fixed";"B";"żółty";"D4";"{""type"":""startNumber"",""number"":13}"
"dmpj-4-20";"16";"main";"fixed";"C";"niebieski";"D2";"{""type"":""startNumber"",""number"":5}"
"dmpj-4-20";"16";"main";"fixed";"D";"biały";"D3";"{""type"":""startNumber"",""number"":9}"
"dmpj-4-20";"17";"team-ranked";"fixed";"A";"czerwony";"D1";"{""type"":""rank"",""ranking"":""D1"",""place"":4}"
"dmpj-4-20";"17";"team-ranked";"fixed";"B";"niebieski";"D2";"{""type"":""rank"",""ranking"":""D2"",""place"":4}"
"dmpj-4-20";"17";"team-ranked";"fixed";"C";"biały";"D3";"{""type"":""rank"",""ranking"":""D3"",""place"":4}"
"dmpj-4-20";"17";"team-ranked";"fixed";"D";"żółty";"D4";"{""type"":""rank"",""ranking"":""D4"",""place"":4}"
"dmpj-4-20";"18";"team-ranked";"fixed";"A";"niebieski";"D2";"{""type"":""rank"",""ranking"":""D2"",""place"":3}"
"dmpj-4-20";"18";"team-ranked";"fixed";"B";"biały";"D3";"{""type"":""rank"",""ranking"":""D3"",""place"":3}"
"dmpj-4-20";"18";"team-ranked";"fixed";"C";"żółty";"D4";"{""type"":""rank"",""ranking"":""D4"",""place"":3}"
"dmpj-4-20";"18";"team-ranked";"fixed";"D";"czerwony";"D1";"{""type"":""rank"",""ranking"":""D1"",""place"":3}"
"dmpj-4-20";"19";"team-ranked";"fixed";"A";"biały";"D3";"{""type"":""rank"",""ranking"":""D3"",""place"":2}"
"dmpj-4-20";"19";"team-ranked";"fixed";"B";"żółty";"D4";"{""type"":""rank"",""ranking"":""D4"",""place"":2}"
"dmpj-4-20";"19";"team-ranked";"fixed";"C";"czerwony";"D1";"{""type"":""rank"",""ranking"":""D1"",""place"":2}"
"dmpj-4-20";"19";"team-ranked";"fixed";"D";"niebieski";"D2";"{""type"":""rank"",""ranking"":""D2"",""place"":2}"
"dmpj-4-20";"20";"team-ranked";"fixed";"A";"żółty";"D4";"{""type"":""rank"",""ranking"":""D4"",""place"":1}"
"dmpj-4-20";"20";"team-ranked";"fixed";"B";"czerwony";"D1";"{""type"":""rank"",""ranking"":""D1"",""place"":1}"
"dmpj-4-20";"20";"team-ranked";"fixed";"C";"niebieski";"D2";"{""type"":""rank"",""ranking"":""D2"",""place"":1}"
"dmpj-4-20";"20";"team-ranked";"fixed";"D";"biały";"D3";"{""type"":""rank"",""ranking"":""D3"",""place"":1}"
"eu24-team-4-20";"1";"main";"fixed";"A";"biały";"D3";"{""type"":""startNumber"",""number"":12}"
"eu24-team-4-20";"1";"main";"fixed";"B";"niebieski";"D2";"{""type"":""startNumber"",""number"":5}"
"eu24-team-4-20";"1";"main";"fixed";"C";"czerwony";"D1";"{""type"":""startNumber"",""number"":4}"
"eu24-team-4-20";"1";"main";"fixed";"D";"żółty";"D4";"{""type"":""startNumber"",""number"":14}"
"eu24-team-4-20";"2";"main";"fixed";"A";"niebieski";"D2";"{""type"":""startNumber"",""number"":6}"
"eu24-team-4-20";"2";"main";"fixed";"B";"czerwony";"D1";"{""type"":""startNumber"",""number"":3}"
"eu24-team-4-20";"2";"main";"fixed";"C";"żółty";"D4";"{""type"":""startNumber"",""number"":13}"
"eu24-team-4-20";"2";"main";"fixed";"D";"biały";"D3";"{""type"":""startNumber"",""number"":11}"
"eu24-team-4-20";"3";"main";"fixed";"A";"czerwony";"D1";"{""type"":""startNumber"",""number"":2}"
"eu24-team-4-20";"3";"main";"fixed";"B";"biały";"D3";"{""type"":""startNumber"",""number"":9}"
"eu24-team-4-20";"3";"main";"fixed";"C";"niebieski";"D2";"{""type"":""startNumber"",""number"":8}"
"eu24-team-4-20";"3";"main";"fixed";"D";"żółty";"D4";"{""type"":""startNumber"",""number"":15}"
"eu24-team-4-20";"4";"main";"fixed";"A";"niebieski";"D2";"{""type"":""startNumber"",""number"":7}"
"eu24-team-4-20";"4";"main";"fixed";"B";"czerwony";"D1";"{""type"":""startNumber"",""number"":1}"
"eu24-team-4-20";"4";"main";"fixed";"C";"żółty";"D4";"{""type"":""startNumber"",""number"":16}"
"eu24-team-4-20";"4";"main";"fixed";"D";"biały";"D3";"{""type"":""startNumber"",""number"":10}"
"eu24-team-4-20";"5";"main";"fixed";"A";"biały";"D3";"{""type"":""startNumber"",""number"":9}"
"eu24-team-4-20";"5";"main";"fixed";"B";"żółty";"D4";"{""type"":""startNumber"",""number"":16}"
"eu24-team-4-20";"5";"main";"fixed";"C";"niebieski";"D2";"{""type"":""startNumber"",""number"":6}"
"eu24-team-4-20";"5";"main";"fixed";"D";"czerwony";"D1";"{""type"":""startNumber"",""number"":4}"
"eu24-team-4-20";"6";"main";"fixed";"A";"czerwony";"D1";"{""type"":""startNumber"",""number"":3}"
"eu24-team-4-20";"6";"main";"fixed";"B";"biały";"D3";"{""type"":""startNumber"",""number"":10}"
"eu24-team-4-20";"6";"main";"fixed";"C";"żółty";"D4";"{""type"":""startNumber"",""number"":15}"
"eu24-team-4-20";"6";"main";"fixed";"D";"niebieski";"D2";"{""type"":""startNumber"",""number"":5}"
"eu24-team-4-20";"7";"main";"fixed";"A";"żółty";"D4";"{""type"":""startNumber"",""number"":13}"
"eu24-team-4-20";"7";"main";"fixed";"B";"biały";"D3";"{""type"":""startNumber"",""number"":12}"
"eu24-team-4-20";"7";"main";"fixed";"C";"niebieski";"D2";"{""type"":""startNumber"",""number"":7}"
"eu24-team-4-20";"7";"main";"fixed";"D";"czerwony";"D1";"{""type"":""startNumber"",""number"":2}"
"eu24-team-4-20";"8";"main";"fixed";"A";"biały";"D3";"{""type"":""startNumber"",""number"":11}"
"eu24-team-4-20";"8";"main";"fixed";"B";"żółty";"D4";"{""type"":""startNumber"",""number"":14}"
"eu24-team-4-20";"8";"main";"fixed";"C";"czerwony";"D1";"{""type"":""startNumber"",""number"":1}"
"eu24-team-4-20";"8";"main";"fixed";"D";"niebieski";"D2";"{""type"":""startNumber"",""number"":8}"
"eu24-team-4-20";"9";"main";"fixed";"A";"niebieski";"D2";"{""type"":""startNumber"",""number"":8}"
"eu24-team-4-20";"9";"main";"fixed";"B";"czerwony";"D1";"{""type"":""startNumber"",""number"":4}"
"eu24-team-4-20";"9";"main";"fixed";"C";"biały";"D3";"{""type"":""startNumber"",""number"":10}"
"eu24-team-4-20";"9";"main";"fixed";"D";"żółty";"D4";"{""type"":""startNumber"",""number"":13}"
"eu24-team-4-20";"10";"main";"fixed";"A";"żółty";"D4";"{""type"":""startNumber"",""number"":14}"
"eu24-team-4-20";"10";"main";"fixed";"B";"niebieski";"D2";"{""type"":""startNumber"",""number"":7}"
"eu24-team-4-20";"10";"main";"fixed";"C";"biały";"D3";"{""type"":""startNumber"",""number"":9}"
"eu24-team-4-20";"10";"main";"fixed";"D";"czerwony";"D1";"{""type"":""startNumber"",""number"":3}"
"eu24-team-4-20";"11";"main";"fixed";"A";"niebieski";"D2";"{""type"":""startNumber"",""number"":5}"
"eu24-team-4-20";"11";"main";"fixed";"B";"biały";"D3";"{""type"":""startNumber"",""number"":11}"
"eu24-team-4-20";"11";"main";"fixed";"C";"czerwony";"D1";"{""type"":""startNumber"",""number"":2}"
"eu24-team-4-20";"11";"main";"fixed";"D";"żółty";"D4";"{""type"":""startNumber"",""number"":16}"
"eu24-team-4-20";"12";"main";"fixed";"A";"żółty";"D4";"{""type"":""startNumber"",""number"":15}"
"eu24-team-4-20";"12";"main";"fixed";"B";"niebieski";"D2";"{""type"":""startNumber"",""number"":6}"
"eu24-team-4-20";"12";"main";"fixed";"C";"biały";"D3";"{""type"":""startNumber"",""number"":12}"
"eu24-team-4-20";"12";"main";"fixed";"D";"czerwony";"D1";"{""type"":""startNumber"",""number"":1}"
"eu24-team-4-20";"13";"main";"fixed";"A";"żółty";"D4";"{""type"":""startNumber"",""number"":16}"
"eu24-team-4-20";"13";"main";"fixed";"B";"niebieski";"D2";"{""type"":""startNumber"",""number"":8}"
"eu24-team-4-20";"13";"main";"fixed";"C";"czerwony";"D1";"{""type"":""startNumber"",""number"":3}"
"eu24-team-4-20";"13";"main";"fixed";"D";"biały";"D3";"{""type"":""startNumber"",""number"":12}"
"eu24-team-4-20";"14";"main";"fixed";"A";"czerwony";"D1";"{""type"":""startNumber"",""number"":4}"
"eu24-team-4-20";"14";"main";"fixed";"B";"żółty";"D4";"{""type"":""startNumber"",""number"":15}"
"eu24-team-4-20";"14";"main";"fixed";"C";"biały";"D3";"{""type"":""startNumber"",""number"":11}"
"eu24-team-4-20";"14";"main";"fixed";"D";"niebieski";"D2";"{""type"":""startNumber"",""number"":7}"
"eu24-team-4-20";"15";"main";"fixed";"A";"biały";"D3";"{""type"":""startNumber"",""number"":10}"
"eu24-team-4-20";"15";"main";"fixed";"B";"czerwony";"D1";"{""type"":""startNumber"",""number"":2}"
"eu24-team-4-20";"15";"main";"fixed";"C";"żółty";"D4";"{""type"":""startNumber"",""number"":14}"
"eu24-team-4-20";"15";"main";"fixed";"D";"niebieski";"D2";"{""type"":""startNumber"",""number"":6}"
"eu24-team-4-20";"16";"main";"fixed";"A";"czerwony";"D1";"{""type"":""startNumber"",""number"":1}"
"eu24-team-4-20";"16";"main";"fixed";"B";"żółty";"D4";"{""type"":""startNumber"",""number"":13}"
"eu24-team-4-20";"16";"main";"fixed";"C";"niebieski";"D2";"{""type"":""startNumber"",""number"":5}"
"eu24-team-4-20";"16";"main";"fixed";"D";"biały";"D3";"{""type"":""startNumber"",""number"":9}"
"eu24-team-4-20";"17";"team-ranked";"fixed";"A";"czerwony";"D1";"{""type"":""rank"",""ranking"":""D1"",""place"":4}"
"eu24-team-4-20";"17";"team-ranked";"fixed";"B";"niebieski";"D2";"{""type"":""rank"",""ranking"":""D2"",""place"":4}"
"eu24-team-4-20";"17";"team-ranked";"fixed";"C";"biały";"D3";"{""type"":""rank"",""ranking"":""D3"",""place"":4}"
"eu24-team-4-20";"17";"team-ranked";"fixed";"D";"żółty";"D4";"{""type"":""rank"",""ranking"":""D4"",""place"":4}"
"eu24-team-4-20";"18";"team-ranked";"fixed";"A";"niebieski";"D2";"{""type"":""rank"",""ranking"":""D2"",""place"":3}"
"eu24-team-4-20";"18";"team-ranked";"fixed";"B";"biały";"D3";"{""type"":""rank"",""ranking"":""D3"",""place"":3}"
"eu24-team-4-20";"18";"team-ranked";"fixed";"C";"żółty";"D4";"{""type"":""rank"",""ranking"":""D4"",""place"":3}"
"eu24-team-4-20";"18";"team-ranked";"fixed";"D";"czerwony";"D1";"{""type"":""rank"",""ranking"":""D1"",""place"":3}"
"eu24-team-4-20";"19";"team-ranked";"fixed";"A";"biały";"D3";"{""type"":""rank"",""ranking"":""D3"",""place"":2}"
"eu24-team-4-20";"19";"team-ranked";"fixed";"B";"żółty";"D4";"{""type"":""rank"",""ranking"":""D4"",""place"":2}"
"eu24-team-4-20";"19";"team-ranked";"fixed";"C";"czerwony";"D1";"{""type"":""rank"",""ranking"":""D1"",""place"":2}"
"eu24-team-4-20";"19";"team-ranked";"fixed";"D";"niebieski";"D2";"{""type"":""rank"",""ranking"":""D2"",""place"":2}"
"eu24-team-4-20";"20";"team-ranked";"fixed";"A";"żółty";"D4";"{""type"":""rank"",""ranking"":""D4"",""place"":1}"
"eu24-team-4-20";"20";"team-ranked";"fixed";"B";"czerwony";"D1";"{""type"":""rank"",""ranking"":""D1"",""place"":1}"
"eu24-team-4-20";"20";"team-ranked";"fixed";"C";"niebieski";"D2";"{""type"":""rank"",""ranking"":""D2"",""place"":1}"
"eu24-team-4-20";"20";"team-ranked";"fixed";"D";"biały";"D3";"{""type"":""rank"",""ranking"":""D3"",""place"":1}"
"etc-4-22";"1";"main";"fixed";"A";"biały";"D3";"{""type"":""startNumber"",""number"":12}"
"etc-4-22";"1";"main";"fixed";"B";"niebieski";"D2";"{""type"":""startNumber"",""number"":5}"
"etc-4-22";"1";"main";"fixed";"C";"czerwony";"D1";"{""type"":""startNumber"",""number"":4}"
"etc-4-22";"1";"main";"fixed";"D";"żółty";"D4";"{""type"":""startNumber"",""number"":14}"
"etc-4-22";"2";"main";"fixed";"A";"niebieski";"D2";"{""type"":""startNumber"",""number"":6}"
"etc-4-22";"2";"main";"fixed";"B";"czerwony";"D1";"{""type"":""startNumber"",""number"":3}"
"etc-4-22";"2";"main";"fixed";"C";"żółty";"D4";"{""type"":""startNumber"",""number"":13}"
"etc-4-22";"2";"main";"fixed";"D";"biały";"D3";"{""type"":""startNumber"",""number"":11}"
"etc-4-22";"3";"main";"fixed";"A";"czerwony";"D1";"{""type"":""startNumber"",""number"":2}"
"etc-4-22";"3";"main";"fixed";"B";"biały";"D3";"{""type"":""startNumber"",""number"":9}"
"etc-4-22";"3";"main";"fixed";"C";"niebieski";"D2";"{""type"":""startNumber"",""number"":8}"
"etc-4-22";"3";"main";"fixed";"D";"żółty";"D4";"{""type"":""startNumber"",""number"":15}"
"etc-4-22";"4";"main";"fixed";"A";"niebieski";"D2";"{""type"":""startNumber"",""number"":7}"
"etc-4-22";"4";"main";"fixed";"B";"czerwony";"D1";"{""type"":""startNumber"",""number"":1}"
"etc-4-22";"4";"main";"fixed";"C";"żółty";"D4";"{""type"":""startNumber"",""number"":16}"
"etc-4-22";"4";"main";"fixed";"D";"biały";"D3";"{""type"":""startNumber"",""number"":10}"
"etc-4-22";"5";"main";"fixed";"A";"biały";"D3";"{""type"":""startNumber"",""number"":9}"
"etc-4-22";"5";"main";"fixed";"B";"żółty";"D4";"{""type"":""startNumber"",""number"":16}"
"etc-4-22";"5";"main";"fixed";"C";"niebieski";"D2";"{""type"":""startNumber"",""number"":6}"
"etc-4-22";"5";"main";"fixed";"D";"czerwony";"D1";"{""type"":""startNumber"",""number"":4}"
"etc-4-22";"6";"main";"fixed";"A";"czerwony";"D1";"{""type"":""startNumber"",""number"":3}"
"etc-4-22";"6";"main";"fixed";"B";"biały";"D3";"{""type"":""startNumber"",""number"":10}"
"etc-4-22";"6";"main";"fixed";"C";"żółty";"D4";"{""type"":""startNumber"",""number"":15}"
"etc-4-22";"6";"main";"fixed";"D";"niebieski";"D2";"{""type"":""startNumber"",""number"":5}"
"etc-4-22";"7";"main";"fixed";"A";"żółty";"D4";"{""type"":""startNumber"",""number"":13}"
"etc-4-22";"7";"main";"fixed";"B";"biały";"D3";"{""type"":""startNumber"",""number"":12}"
"etc-4-22";"7";"main";"fixed";"C";"niebieski";"D2";"{""type"":""startNumber"",""number"":7}"
"etc-4-22";"7";"main";"fixed";"D";"czerwony";"D1";"{""type"":""startNumber"",""number"":2}"
"etc-4-22";"8";"main";"fixed";"A";"biały";"D3";"{""type"":""startNumber"",""number"":11}"
"etc-4-22";"8";"main";"fixed";"B";"żółty";"D4";"{""type"":""startNumber"",""number"":14}"
"etc-4-22";"8";"main";"fixed";"C";"czerwony";"D1";"{""type"":""startNumber"",""number"":1}"
"etc-4-22";"8";"main";"fixed";"D";"niebieski";"D2";"{""type"":""startNumber"",""number"":8}"
"etc-4-22";"9";"reserve";"ballot";"";"czerwony";"D1";"{""type"":""startNumber"",""number"":17}"
"etc-4-22";"9";"reserve";"ballot";"";"niebieski";"D2";"{""type"":""startNumber"",""number"":18}"
"etc-4-22";"9";"reserve";"ballot";"";"biały";"D3";"{""type"":""startNumber"",""number"":19}"
"etc-4-22";"9";"reserve";"ballot";"";"żółty";"D4";"{""type"":""startNumber"",""number"":20}"
"etc-4-22";"10";"main";"fixed";"A";"niebieski";"D2";"{""type"":""startNumber"",""number"":8}"
"etc-4-22";"10";"main";"fixed";"B";"czerwony";"D1";"{""type"":""startNumber"",""number"":4}"
"etc-4-22";"10";"main";"fixed";"C";"biały";"D3";"{""type"":""startNumber"",""number"":10}"
"etc-4-22";"10";"main";"fixed";"D";"żółty";"D4";"{""type"":""startNumber"",""number"":13}"
"etc-4-22";"11";"main";"fixed";"A";"żółty";"D4";"{""type"":""startNumber"",""number"":14}"
"etc-4-22";"11";"main";"fixed";"B";"niebieski";"D2";"{""type"":""startNumber"",""number"":7}"
"etc-4-22";"11";"main";"fixed";"C";"biały";"D3";"{""type"":""startNumber"",""number"":9}"
"etc-4-22";"11";"main";"fixed";"D";"czerwony";"D1";"{""type"":""startNumber"",""number"":3}"
"etc-4-22";"12";"main";"fixed";"A";"niebieski";"D2";"{""type"":""startNumber"",""number"":5}"
"etc-4-22";"12";"main";"fixed";"B";"biały";"D3";"{""type"":""startNumber"",""number"":11}"
"etc-4-22";"12";"main";"fixed";"C";"czerwony";"D1";"{""type"":""startNumber"",""number"":2}"
"etc-4-22";"12";"main";"fixed";"D";"żółty";"D4";"{""type"":""startNumber"",""number"":16}"
"etc-4-22";"13";"main";"fixed";"A";"żółty";"D4";"{""type"":""startNumber"",""number"":15}"
"etc-4-22";"13";"main";"fixed";"B";"niebieski";"D2";"{""type"":""startNumber"",""number"":6}"
"etc-4-22";"13";"main";"fixed";"C";"biały";"D3";"{""type"":""startNumber"",""number"":12}"
"etc-4-22";"13";"main";"fixed";"D";"czerwony";"D1";"{""type"":""startNumber"",""number"":1}"
"etc-4-22";"14";"main";"fixed";"A";"żółty";"D4";"{""type"":""startNumber"",""number"":16}"
"etc-4-22";"14";"main";"fixed";"B";"niebieski";"D2";"{""type"":""startNumber"",""number"":8}"
"etc-4-22";"14";"main";"fixed";"C";"czerwony";"D1";"{""type"":""startNumber"",""number"":3}"
"etc-4-22";"14";"main";"fixed";"D";"biały";"D3";"{""type"":""startNumber"",""number"":12}"
"etc-4-22";"15";"main";"fixed";"A";"czerwony";"D1";"{""type"":""startNumber"",""number"":4}"
"etc-4-22";"15";"main";"fixed";"B";"żółty";"D4";"{""type"":""startNumber"",""number"":15}"
"etc-4-22";"15";"main";"fixed";"C";"biały";"D3";"{""type"":""startNumber"",""number"":11}"
"etc-4-22";"15";"main";"fixed";"D";"niebieski";"D2";"{""type"":""startNumber"",""number"":7}"
"etc-4-22";"16";"main";"fixed";"A";"biały";"D3";"{""type"":""startNumber"",""number"":10}"
"etc-4-22";"16";"main";"fixed";"B";"czerwony";"D1";"{""type"":""startNumber"",""number"":2}"
"etc-4-22";"16";"main";"fixed";"C";"żółty";"D4";"{""type"":""startNumber"",""number"":14}"
"etc-4-22";"16";"main";"fixed";"D";"niebieski";"D2";"{""type"":""startNumber"",""number"":6}"
"etc-4-22";"17";"main";"fixed";"A";"czerwony";"D1";"{""type"":""startNumber"",""number"":1}"
"etc-4-22";"17";"main";"fixed";"B";"żółty";"D4";"{""type"":""startNumber"",""number"":13}"
"etc-4-22";"17";"main";"fixed";"C";"niebieski";"D2";"{""type"":""startNumber"",""number"":5}"
"etc-4-22";"17";"main";"fixed";"D";"biały";"D3";"{""type"":""startNumber"",""number"":9}"
"etc-4-22";"18";"reserve";"ballot";"";"czerwony";"D1";"{""type"":""startNumber"",""number"":17}"
"etc-4-22";"18";"reserve";"ballot";"";"niebieski";"D2";"{""type"":""startNumber"",""number"":18}"
"etc-4-22";"18";"reserve";"ballot";"";"biały";"D3";"{""type"":""startNumber"",""number"":19}"
"etc-4-22";"18";"reserve";"ballot";"";"żółty";"D4";"{""type"":""startNumber"",""number"":20}"
"etc-4-22";"19";"team-ranked";"fixed";"A";"czerwony";"D1";"{""type"":""rank"",""ranking"":""D1"",""place"":4}"
"etc-4-22";"19";"team-ranked";"fixed";"B";"niebieski";"D2";"{""type"":""rank"",""ranking"":""D2"",""place"":4}"
"etc-4-22";"19";"team-ranked";"fixed";"C";"biały";"D3";"{""type"":""rank"",""ranking"":""D3"",""place"":4}"
"etc-4-22";"19";"team-ranked";"fixed";"D";"żółty";"D4";"{""type"":""rank"",""ranking"":""D4"",""place"":4}"
"etc-4-22";"20";"team-ranked";"fixed";"A";"niebieski";"D2";"{""type"":""rank"",""ranking"":""D2"",""place"":3}"
"etc-4-22";"20";"team-ranked";"fixed";"B";"biały";"D3";"{""type"":""rank"",""ranking"":""D3"",""place"":3}"
"etc-4-22";"20";"team-ranked";"fixed";"C";"żółty";"D4";"{""type"":""rank"",""ranking"":""D4"",""place"":3}"
"etc-4-22";"20";"team-ranked";"fixed";"D";"czerwony";"D1";"{""type"":""rank"",""ranking"":""D1"",""place"":3}"
"etc-4-22";"21";"team-ranked";"fixed";"A";"biały";"D3";"{""type"":""rank"",""ranking"":""D3"",""place"":2}"
"etc-4-22";"21";"team-ranked";"fixed";"B";"żółty";"D4";"{""type"":""rank"",""ranking"":""D4"",""place"":2}"
"etc-4-22";"21";"team-ranked";"fixed";"C";"czerwony";"D1";"{""type"":""rank"",""ranking"":""D1"",""place"":2}"
"etc-4-22";"21";"team-ranked";"fixed";"D";"niebieski";"D2";"{""type"":""rank"",""ranking"":""D2"",""place"":2}"
"etc-4-22";"22";"team-ranked";"fixed";"A";"żółty";"D4";"{""type"":""rank"",""ranking"":""D4"",""place"":1}"
"etc-4-22";"22";"team-ranked";"fixed";"B";"czerwony";"D1";"{""type"":""rank"",""ranking"":""D1"",""place"":1}"
"etc-4-22";"22";"team-ranked";"fixed";"C";"niebieski";"D2";"{""type"":""rank"",""ranking"":""D2"",""place"":1}"
"etc-4-22";"22";"team-ranked";"fixed";"D";"biały";"D3";"{""type"":""rank"",""ranking"":""D3"",""place"":1}"
"u24e-4-18";"1";"main";"fixed";"A";"czerwony";"D2";"{""type"":""startNumber"",""number"":5}"
"u24e-4-18";"1";"main";"fixed";"B";"biały";"D1";"{""type"":""startNumber"",""number"":1}"
"u24e-4-18";"1";"main";"fixed";"C";"niebieski";"D2";"{""type"":""startNumber"",""number"":6}"
"u24e-4-18";"1";"main";"fixed";"D";"żółty";"D1";"{""type"":""startNumber"",""number"":2}"
"u24e-4-18";"2";"main";"fixed";"A";"czerwony";"D3";"{""type"":""startNumber"",""number"":11}"
"u24e-4-18";"2";"main";"fixed";"B";"biały";"D4";"{""type"":""startNumber"",""number"":15}"
"u24e-4-18";"2";"main";"fixed";"C";"niebieski";"D3";"{""type"":""startNumber"",""number"":12}"
"u24e-4-18";"2";"main";"fixed";"D";"żółty";"D4";"{""type"":""startNumber"",""number"":16}"
"u24e-4-18";"3";"main";"fixed";"A";"czerwony";"D4";"{""type"":""startNumber"",""number"":13}"
"u24e-4-18";"3";"main";"fixed";"B";"biały";"D2";"{""type"":""startNumber"",""number"":7}"
"u24e-4-18";"3";"main";"fixed";"C";"niebieski";"D4";"{""type"":""startNumber"",""number"":14}"
"u24e-4-18";"3";"main";"fixed";"D";"żółty";"D2";"{""type"":""startNumber"",""number"":8}"
"u24e-4-18";"4";"main";"fixed";"A";"czerwony";"D1";"{""type"":""startNumber"",""number"":3}"
"u24e-4-18";"4";"main";"fixed";"B";"biały";"D3";"{""type"":""startNumber"",""number"":9}"
"u24e-4-18";"4";"main";"fixed";"C";"niebieski";"D1";"{""type"":""startNumber"",""number"":4}"
"u24e-4-18";"4";"main";"fixed";"D";"żółty";"D3";"{""type"":""startNumber"",""number"":10}"
"u24e-4-18";"5";"main";"fixed";"A";"czerwony";"D3";"{""type"":""startNumber"",""number"":9}"
"u24e-4-18";"5";"main";"fixed";"B";"biały";"D2";"{""type"":""startNumber"",""number"":5}"
"u24e-4-18";"5";"main";"fixed";"C";"niebieski";"D3";"{""type"":""startNumber"",""number"":10}"
"u24e-4-18";"5";"main";"fixed";"D";"żółty";"D2";"{""type"":""startNumber"",""number"":6}"
"u24e-4-18";"6";"main";"fixed";"A";"czerwony";"D1";"{""type"":""startNumber"",""number"":1}"
"u24e-4-18";"6";"main";"fixed";"B";"biały";"D4";"{""type"":""startNumber"",""number"":13}"
"u24e-4-18";"6";"main";"fixed";"C";"niebieski";"D1";"{""type"":""startNumber"",""number"":2}"
"u24e-4-18";"6";"main";"fixed";"D";"żółty";"D4";"{""type"":""startNumber"",""number"":14}"
"u24e-4-18";"7";"main";"fixed";"A";"czerwony";"D2";"{""type"":""startNumber"",""number"":7}"
"u24e-4-18";"7";"main";"fixed";"B";"biały";"D3";"{""type"":""startNumber"",""number"":11}"
"u24e-4-18";"7";"main";"fixed";"C";"niebieski";"D2";"{""type"":""startNumber"",""number"":8}"
"u24e-4-18";"7";"main";"fixed";"D";"żółty";"D3";"{""type"":""startNumber"",""number"":12}"
"u24e-4-18";"8";"main";"fixed";"A";"czerwony";"D4";"{""type"":""startNumber"",""number"":15}"
"u24e-4-18";"8";"main";"fixed";"B";"biały";"D1";"{""type"":""startNumber"",""number"":3}"
"u24e-4-18";"8";"main";"fixed";"C";"niebieski";"D4";"{""type"":""startNumber"",""number"":16}"
"u24e-4-18";"8";"main";"fixed";"D";"żółty";"D1";"{""type"":""startNumber"",""number"":4}"
"u24e-4-18";"9";"main";"fixed";"A";"czerwony";"D4";"{""type"":""startNumber"",""number"":14}"
"u24e-4-18";"9";"main";"fixed";"B";"biały";"D3";"{""type"":""startNumber"",""number"":10}"
"u24e-4-18";"9";"main";"fixed";"C";"niebieski";"D4";"{""type"":""startNumber"",""number"":13}"
"u24e-4-18";"9";"main";"fixed";"D";"żółty";"D3";"{""type"":""startNumber"",""number"":9}"
"u24e-4-18";"10";"main";"fixed";"A";"czerwony";"D3";"{""type"":""startNumber"",""number"":12}"
"u24e-4-18";"10";"main";"fixed";"B";"biały";"D1";"{""type"":""startNumber"",""number"":2}"
"u24e-4-18";"10";"main";"fixed";"C";"niebieski";"D3";"{""type"":""startNumber"",""number"":11}"
"u24e-4-18";"10";"main";"fixed";"D";"żółty";"D1";"{""type"":""startNumber"",""number"":1}"
"u24e-4-18";"11";"main";"fixed";"A";"czerwony";"D2";"{""type"":""startNumber"",""number"":6}"
"u24e-4-18";"11";"main";"fixed";"B";"biały";"D4";"{""type"":""startNumber"",""number"":16}"
"u24e-4-18";"11";"main";"fixed";"C";"niebieski";"D2";"{""type"":""startNumber"",""number"":5}"
"u24e-4-18";"11";"main";"fixed";"D";"żółty";"D4";"{""type"":""startNumber"",""number"":15}"
"u24e-4-18";"12";"main";"fixed";"A";"czerwony";"D1";"{""type"":""startNumber"",""number"":4}"
"u24e-4-18";"12";"main";"fixed";"B";"biały";"D2";"{""type"":""startNumber"",""number"":8}"
"u24e-4-18";"12";"main";"fixed";"C";"niebieski";"D1";"{""type"":""startNumber"",""number"":3}"
"u24e-4-18";"12";"main";"fixed";"D";"żółty";"D2";"{""type"":""startNumber"",""number"":7}"
"u24e-4-18";"13";"main";"fixed";"A";"czerwony";"D1";"{""type"":""startNumber"",""number"":4}"
"u24e-4-18";"13";"main";"fixed";"B";"biały";"D4";"{""type"":""startNumber"",""number"":16}"
"u24e-4-18";"13";"main";"fixed";"C";"niebieski";"D1";"{""type"":""startNumber"",""number"":1}"
"u24e-4-18";"13";"main";"fixed";"D";"żółty";"D4";"{""type"":""startNumber"",""number"":13}"
"u24e-4-18";"14";"main";"fixed";"A";"czerwony";"D3";"{""type"":""startNumber"",""number"":12}"
"u24e-4-18";"14";"main";"fixed";"B";"biały";"D1";"{""type"":""startNumber"",""number"":2}"
"u24e-4-18";"14";"main";"fixed";"C";"niebieski";"D3";"{""type"":""startNumber"",""number"":9}"
"u24e-4-18";"14";"main";"fixed";"D";"żółty";"D1";"{""type"":""startNumber"",""number"":3}"
"u24e-4-18";"15";"main";"fixed";"A";"czerwony";"D2";"{""type"":""startNumber"",""number"":8}"
"u24e-4-18";"15";"main";"fixed";"B";"biały";"D3";"{""type"":""startNumber"",""number"":10}"
"u24e-4-18";"15";"main";"fixed";"C";"niebieski";"D2";"{""type"":""startNumber"",""number"":5}"
"u24e-4-18";"15";"main";"fixed";"D";"żółty";"D3";"{""type"":""startNumber"",""number"":11}"
"u24e-4-18";"16";"main";"fixed";"A";"czerwony";"D4";"{""type"":""startNumber"",""number"":14}"
"u24e-4-18";"16";"main";"fixed";"B";"biały";"D2";"{""type"":""startNumber"",""number"":6}"
"u24e-4-18";"16";"main";"fixed";"C";"niebieski";"D4";"{""type"":""startNumber"",""number"":15}"
"u24e-4-18";"16";"main";"fixed";"D";"żółty";"D2";"{""type"":""startNumber"",""number"":7}"
"u24e-4-18";"17";"main";"fixed";"A";"czerwony";"D4";"{""type"":""startNumber"",""number"":16}"
"u24e-4-18";"17";"main";"fixed";"B";"biały";"D3";"{""type"":""startNumber"",""number"":12}"
"u24e-4-18";"17";"main";"fixed";"C";"niebieski";"D4";"{""type"":""startNumber"",""number"":13}"
"u24e-4-18";"17";"main";"fixed";"D";"żółty";"D3";"{""type"":""startNumber"",""number"":9}"
"u24e-4-18";"18";"main";"fixed";"A";"czerwony";"D2";"{""type"":""startNumber"",""number"":6}"
"u24e-4-18";"18";"main";"fixed";"B";"biały";"D1";"{""type"":""startNumber"",""number"":4}"
"u24e-4-18";"18";"main";"fixed";"C";"niebieski";"D2";"{""type"":""startNumber"",""number"":7}"
"u24e-4-18";"18";"main";"fixed";"D";"żółty";"D1";"{""type"":""startNumber"",""number"":1}"
"mini-dmp-7-21";"1";"main";"fixed";"A";"czerwony";"D1";"{""type"":""startNumber"",""number"":1}"
"mini-dmp-7-21";"1";"main";"fixed";"B";"biały";"D2";"{""type"":""startNumber"",""number"":4}"
"mini-dmp-7-21";"1";"main";"fixed";"C";"niebieski";"D1";"{""type"":""startNumber"",""number"":2}"
"mini-dmp-7-21";"1";"main";"fixed";"D";"żółty";"D2";"{""type"":""startNumber"",""number"":5}"
"mini-dmp-7-21";"2";"main";"fixed";"A";"czerwony";"D3";"{""type"":""startNumber"",""number"":7}"
"mini-dmp-7-21";"2";"main";"fixed";"B";"biały";"D4";"{""type"":""startNumber"",""number"":10}"
"mini-dmp-7-21";"2";"main";"fixed";"C";"niebieski";"D3";"{""type"":""startNumber"",""number"":8}"
"mini-dmp-7-21";"2";"main";"fixed";"D";"żółty";"D4";"{""type"":""startNumber"",""number"":11}"
"mini-dmp-7-21";"3";"main";"fixed";"A";"czerwony";"D5";"{""type"":""startNumber"",""number"":13}"
"mini-dmp-7-21";"3";"main";"fixed";"B";"biały";"D6";"{""type"":""startNumber"",""number"":16}"
"mini-dmp-7-21";"3";"main";"fixed";"C";"niebieski";"D5";"{""type"":""startNumber"",""number"":14}"
"mini-dmp-7-21";"3";"main";"fixed";"D";"żółty";"D6";"{""type"":""startNumber"",""number"":17}"
"mini-dmp-7-21";"4";"main";"fixed";"A";"czerwony";"D7";"{""type"":""startNumber"",""number"":19}"
"mini-dmp-7-21";"4";"main";"fixed";"B";"biały";"D1";"{""type"":""startNumber"",""number"":1}"
"mini-dmp-7-21";"4";"main";"fixed";"C";"niebieski";"D7";"{""type"":""startNumber"",""number"":20}"
"mini-dmp-7-21";"4";"main";"fixed";"D";"żółty";"D1";"{""type"":""startNumber"",""number"":3}"
"mini-dmp-7-21";"5";"main";"fixed";"A";"czerwony";"D2";"{""type"":""startNumber"",""number"":4}"
"mini-dmp-7-21";"5";"main";"fixed";"B";"biały";"D3";"{""type"":""startNumber"",""number"":7}"
"mini-dmp-7-21";"5";"main";"fixed";"C";"niebieski";"D2";"{""type"":""startNumber"",""number"":6}"
"mini-dmp-7-21";"5";"main";"fixed";"D";"żółty";"D3";"{""type"":""startNumber"",""number"":9}"
"mini-dmp-7-21";"6";"main";"fixed";"A";"czerwony";"D4";"{""type"":""startNumber"",""number"":10}"
"mini-dmp-7-21";"6";"main";"fixed";"B";"biały";"D5";"{""type"":""startNumber"",""number"":13}"
"mini-dmp-7-21";"6";"main";"fixed";"C";"niebieski";"D4";"{""type"":""startNumber"",""number"":12}"
"mini-dmp-7-21";"6";"main";"fixed";"D";"żółty";"D5";"{""type"":""startNumber"",""number"":15}"
"mini-dmp-7-21";"7";"main";"fixed";"A";"czerwony";"D7";"{""type"":""startNumber"",""number"":21}"
"mini-dmp-7-21";"7";"main";"fixed";"B";"biały";"D6";"{""type"":""startNumber"",""number"":17}"
"mini-dmp-7-21";"7";"main";"fixed";"C";"niebieski";"D7";"{""type"":""startNumber"",""number"":19}"
"mini-dmp-7-21";"7";"main";"fixed";"D";"żółty";"D6";"{""type"":""startNumber"",""number"":18}"
"mini-dmp-7-21";"8";"main";"fixed";"A";"czerwony";"D1";"{""type"":""startNumber"",""number"":3}"
"mini-dmp-7-21";"8";"main";"fixed";"B";"biały";"D3";"{""type"":""startNumber"",""number"":9}"
"mini-dmp-7-21";"8";"main";"fixed";"C";"niebieski";"D1";"{""type"":""startNumber"",""number"":1}"
"mini-dmp-7-21";"8";"main";"fixed";"D";"żółty";"D3";"{""type"":""startNumber"",""number"":8}"
"mini-dmp-7-21";"9";"main";"fixed";"A";"czerwony";"D4";"{""type"":""startNumber"",""number"":12}"
"mini-dmp-7-21";"9";"main";"fixed";"B";"biały";"D2";"{""type"":""startNumber"",""number"":6}"
"mini-dmp-7-21";"9";"main";"fixed";"C";"niebieski";"D4";"{""type"":""startNumber"",""number"":11}"
"mini-dmp-7-21";"9";"main";"fixed";"D";"żółty";"D2";"{""type"":""startNumber"",""number"":4}"
"mini-dmp-7-21";"10";"main";"fixed";"A";"czerwony";"D5";"{""type"":""startNumber"",""number"":14}"
"mini-dmp-7-21";"10";"main";"fixed";"B";"biały";"D7";"{""type"":""startNumber"",""number"":21}"
"mini-dmp-7-21";"10";"main";"fixed";"C";"niebieski";"D5";"{""type"":""startNumber"",""number"":15}"
"mini-dmp-7-21";"10";"main";"fixed";"D";"żółty";"D7";"{""type"":""startNumber"",""number"":20}"
"mini-dmp-7-21";"11";"main";"fixed";"A";"czerwony";"D6";"{""type"":""startNumber"",""number"":17}"
"mini-dmp-7-21";"11";"main";"fixed";"B";"biały";"D1";"{""type"":""startNumber"",""number"":3}"
"mini-dmp-7-21";"11";"main";"fixed";"C";"niebieski";"D6";"{""type"":""startNumber"",""number"":16}"
"mini-dmp-7-21";"11";"main";"fixed";"D";"żółty";"D1";"{""type"":""startNumber"",""number"":2}"
"mini-dmp-7-21";"12";"main";"fixed";"A";"czerwony";"D2";"{""type"":""startNumber"",""number"":5}"
"mini-dmp-7-21";"12";"main";"fixed";"B";"biały";"D5";"{""type"":""startNumber"",""number"":14}"
"mini-dmp-7-21";"12";"main";"fixed";"C";"niebieski";"D2";"{""type"":""startNumber"",""number"":4}"
"mini-dmp-7-21";"12";"main";"fixed";"D";"żółty";"D5";"{""type"":""startNumber"",""number"":13}"
"mini-dmp-7-21";"13";"main";"fixed";"A";"czerwony";"D3";"{""type"":""startNumber"",""number"":8}"
"mini-dmp-7-21";"13";"main";"fixed";"B";"biały";"D6";"{""type"":""startNumber"",""number"":18}"
"mini-dmp-7-21";"13";"main";"fixed";"C";"niebieski";"D3";"{""type"":""startNumber"",""number"":9}"
"mini-dmp-7-21";"13";"main";"fixed";"D";"żółty";"D6";"{""type"":""startNumber"",""number"":16}"
"mini-dmp-7-21";"14";"main";"fixed";"A";"czerwony";"D7";"{""type"":""startNumber"",""number"":20}"
"mini-dmp-7-21";"14";"main";"fixed";"B";"biały";"D4";"{""type"":""startNumber"",""number"":11}"
"mini-dmp-7-21";"14";"main";"fixed";"C";"niebieski";"D7";"{""type"":""startNumber"",""number"":21}"
"mini-dmp-7-21";"14";"main";"fixed";"D";"żółty";"D4";"{""type"":""startNumber"",""number"":12}"
"mini-dmp-7-21";"15";"main";"fixed";"A";"czerwony";"D1";"{""type"":""startNumber"",""number"":2}"
"mini-dmp-7-21";"15";"main";"fixed";"B";"biały";"D5";"{""type"":""startNumber"",""number"":15}"
"mini-dmp-7-21";"15";"main";"fixed";"C";"niebieski";"D1";"{""type"":""startNumber"",""number"":3}"
"mini-dmp-7-21";"15";"main";"fixed";"D";"żółty";"D5";"{""type"":""startNumber"",""number"":14}"
"mini-dmp-7-21";"16";"main";"fixed";"A";"czerwony";"D6";"{""type"":""startNumber"",""number"":16}"
"mini-dmp-7-21";"16";"main";"fixed";"B";"biały";"D2";"{""type"":""startNumber"",""number"":5}"
"mini-dmp-7-21";"16";"main";"fixed";"C";"niebieski";"D6";"{""type"":""startNumber"",""number"":18}"
"mini-dmp-7-21";"16";"main";"fixed";"D";"żółty";"D2";"{""type"":""startNumber"",""number"":6}"
"mini-dmp-7-21";"17";"main";"fixed";"A";"czerwony";"D3";"{""type"":""startNumber"",""number"":9}"
"mini-dmp-7-21";"17";"main";"fixed";"B";"biały";"D7";"{""type"":""startNumber"",""number"":19}"
"mini-dmp-7-21";"17";"main";"fixed";"C";"niebieski";"D3";"{""type"":""startNumber"",""number"":7}"
"mini-dmp-7-21";"17";"main";"fixed";"D";"żółty";"D7";"{""type"":""startNumber"",""number"":21}"
"mini-dmp-7-21";"18";"main";"fixed";"A";"czerwony";"D4";"{""type"":""startNumber"",""number"":11}"
"mini-dmp-7-21";"18";"main";"fixed";"B";"biały";"D1";"{""type"":""startNumber"",""number"":2}"
"mini-dmp-7-21";"18";"main";"fixed";"C";"niebieski";"D4";"{""type"":""startNumber"",""number"":10}"
"mini-dmp-7-21";"18";"main";"fixed";"D";"żółty";"D1";"{""type"":""startNumber"",""number"":1}"
"mini-dmp-7-21";"19";"main";"fixed";"A";"czerwony";"D2";"{""type"":""startNumber"",""number"":6}"
"mini-dmp-7-21";"19";"main";"fixed";"B";"biały";"D7";"{""type"":""startNumber"",""number"":20}"
"mini-dmp-7-21";"19";"main";"fixed";"C";"niebieski";"D2";"{""type"":""startNumber"",""number"":5}"
"mini-dmp-7-21";"19";"main";"fixed";"D";"żółty";"D7";"{""type"":""startNumber"",""number"":19}"
"mini-dmp-7-21";"20";"main";"fixed";"A";"czerwony";"D5";"{""type"":""startNumber"",""number"":15}"
"mini-dmp-7-21";"20";"main";"fixed";"B";"biały";"D3";"{""type"":""startNumber"",""number"":8}"
"mini-dmp-7-21";"20";"main";"fixed";"C";"niebieski";"D5";"{""type"":""startNumber"",""number"":13}"
"mini-dmp-7-21";"20";"main";"fixed";"D";"żółty";"D3";"{""type"":""startNumber"",""number"":7}"
"mini-dmp-7-21";"21";"main";"fixed";"A";"czerwony";"D6";"{""type"":""startNumber"",""number"":18}"
"mini-dmp-7-21";"21";"main";"fixed";"B";"biały";"D4";"{""type"":""startNumber"",""number"":12}"
"mini-dmp-7-21";"21";"main";"fixed";"C";"niebieski";"D6";"{""type"":""startNumber"",""number"":17}"
"mini-dmp-7-21";"21";"main";"fixed";"D";"żółty";"D4";"{""type"":""startNumber"",""number"":10}"
"mini-dmp-6-18";"1";"main";"fixed";"A";"czerwony";"D1";"{""type"":""startNumber"",""number"":1}"
"mini-dmp-6-18";"1";"main";"fixed";"B";"biały";"D2";"{""type"":""startNumber"",""number"":4}"
"mini-dmp-6-18";"1";"main";"fixed";"C";"niebieski";"D1";"{""type"":""startNumber"",""number"":2}"
"mini-dmp-6-18";"1";"main";"fixed";"D";"żółty";"D2";"{""type"":""startNumber"",""number"":5}"
"mini-dmp-6-18";"2";"main";"fixed";"A";"czerwony";"D3";"{""type"":""startNumber"",""number"":7}"
"mini-dmp-6-18";"2";"main";"fixed";"B";"biały";"D4";"{""type"":""startNumber"",""number"":10}"
"mini-dmp-6-18";"2";"main";"fixed";"C";"niebieski";"D3";"{""type"":""startNumber"",""number"":9}"
"mini-dmp-6-18";"2";"main";"fixed";"D";"żółty";"D4";"{""type"":""startNumber"",""number"":11}"
"mini-dmp-6-18";"3";"main";"fixed";"A";"czerwony";"D6";"{""type"":""startNumber"",""number"":18}"
"mini-dmp-6-18";"3";"main";"fixed";"B";"biały";"D5";"{""type"":""startNumber"",""number"":14}"
"mini-dmp-6-18";"3";"main";"fixed";"C";"niebieski";"D6";"{""type"":""startNumber"",""number"":16}"
"mini-dmp-6-18";"3";"main";"fixed";"D";"żółty";"D5";"{""type"":""startNumber"",""number"":15}"
"mini-dmp-6-18";"4";"main";"fixed";"A";"czerwony";"D4";"{""type"":""startNumber"",""number"":12}"
"mini-dmp-6-18";"4";"main";"fixed";"B";"biały";"D1";"{""type"":""startNumber"",""number"":3}"
"mini-dmp-6-18";"4";"main";"fixed";"C";"niebieski";"D4";"{""type"":""startNumber"",""number"":11}"
"mini-dmp-6-18";"4";"main";"fixed";"D";"żółty";"D1";"{""type"":""startNumber"",""number"":2}"
"mini-dmp-6-18";"5";"main";"fixed";"A";"czerwony";"D5";"{""type"":""startNumber"",""number"":15}"
"mini-dmp-6-18";"5";"main";"fixed";"B";"biały";"D3";"{""type"":""startNumber"",""number"":9}"
"mini-dmp-6-18";"5";"main";"fixed";"C";"niebieski";"D5";"{""type"":""startNumber"",""number"":13}"
"mini-dmp-6-18";"5";"main";"fixed";"D";"żółty";"D3";"{""type"":""startNumber"",""number"":8}"
"mini-dmp-6-18";"6";"main";"fixed";"A";"czerwony";"D2";"{""type"":""startNumber"",""number"":6}"
"mini-dmp-6-18";"6";"main";"fixed";"B";"biały";"D6";"{""type"":""startNumber"",""number"":17}"
"mini-dmp-6-18";"6";"main";"fixed";"C";"niebieski";"D2";"{""type"":""startNumber"",""number"":4}"
"mini-dmp-6-18";"6";"main";"fixed";"D";"żółty";"D6";"{""type"":""startNumber"",""number"":16}"
"mini-dmp-6-18";"7";"main";"fixed";"A";"czerwony";"D3";"{""type"":""startNumber"",""number"":9}"
"mini-dmp-6-18";"7";"main";"fixed";"B";"biały";"D1";"{""type"":""startNumber"",""number"":2}"
"mini-dmp-6-18";"7";"main";"fixed";"C";"niebieski";"D3";"{""type"":""startNumber"",""number"":7}"
"mini-dmp-6-18";"7";"main";"fixed";"D";"żółty";"D1";"{""type"":""startNumber"",""number"":1}"
"mini-dmp-6-18";"8";"main";"fixed";"A";"czerwony";"D4";"{""type"":""startNumber"",""number"":10}"
"mini-dmp-6-18";"8";"main";"fixed";"B";"biały";"D6";"{""type"":""startNumber"",""number"":18}"
"mini-dmp-6-18";"8";"main";"fixed";"C";"niebieski";"D4";"{""type"":""startNumber"",""number"":12}"
"mini-dmp-6-18";"8";"main";"fixed";"D";"żółty";"D6";"{""type"":""startNumber"",""number"":17}"
"mini-dmp-6-18";"9";"main";"fixed";"A";"czerwony";"D5";"{""type"":""startNumber"",""number"":14}"
"mini-dmp-6-18";"9";"main";"fixed";"B";"biały";"D2";"{""type"":""startNumber"",""number"":5}"
"mini-dmp-6-18";"9";"main";"fixed";"C";"niebieski";"D5";"{""type"":""startNumber"",""number"":15}"
"mini-dmp-6-18";"9";"main";"fixed";"D";"żółty";"D2";"{""type"":""startNumber"",""number"":6}"
"mini-dmp-6-18";"10";"main";"fixed";"A";"czerwony";"D6";"{""type"":""startNumber"",""number"":16}"
"mini-dmp-6-18";"10";"main";"fixed";"B";"biały";"D3";"{""type"":""startNumber"",""number"":8}"
"mini-dmp-6-18";"10";"main";"fixed";"C";"niebieski";"D6";"{""type"":""startNumber"",""number"":17}"
"mini-dmp-6-18";"10";"main";"fixed";"D";"żółty";"D3";"{""type"":""startNumber"",""number"":7}"
"mini-dmp-6-18";"11";"main";"fixed";"A";"czerwony";"D1";"{""type"":""startNumber"",""number"":2}"
"mini-dmp-6-18";"11";"main";"fixed";"B";"biały";"D5";"{""type"":""startNumber"",""number"":13}"
"mini-dmp-6-18";"11";"main";"fixed";"C";"niebieski";"D1";"{""type"":""startNumber"",""number"":3}"
"mini-dmp-6-18";"11";"main";"fixed";"D";"żółty";"D5";"{""type"":""startNumber"",""number"":14}"
"mini-dmp-6-18";"12";"main";"fixed";"A";"czerwony";"D2";"{""type"":""startNumber"",""number"":4}"
"mini-dmp-6-18";"12";"main";"fixed";"B";"biały";"D4";"{""type"":""startNumber"",""number"":11}"
"mini-dmp-6-18";"12";"main";"fixed";"C";"niebieski";"D2";"{""type"":""startNumber"",""number"":5}"
"mini-dmp-6-18";"12";"main";"fixed";"D";"żółty";"D4";"{""type"":""startNumber"",""number"":10}"
"mini-dmp-6-18";"13";"main";"fixed";"A";"czerwony";"D6";"{""type"":""startNumber"",""number"":17}"
"mini-dmp-6-18";"13";"main";"fixed";"B";"biały";"D1";"{""type"":""startNumber"",""number"":1}"
"mini-dmp-6-18";"13";"main";"fixed";"C";"niebieski";"D6";"{""type"":""startNumber"",""number"":18}"
"mini-dmp-6-18";"13";"main";"fixed";"D";"żółty";"D1";"{""type"":""startNumber"",""number"":3}"
"mini-dmp-6-18";"14";"main";"fixed";"A";"czerwony";"D5";"{""type"":""startNumber"",""number"":13}"
"mini-dmp-6-18";"14";"main";"fixed";"B";"biały";"D4";"{""type"":""startNumber"",""number"":10}"
"mini-dmp-6-18";"14";"main";"fixed";"C";"niebieski";"D5";"{""type"":""startNumber"",""number"":14}"
"mini-dmp-6-18";"14";"main";"fixed";"D";"żółty";"D4";"{""type"":""startNumber"",""number"":12}"
"mini-dmp-6-18";"15";"main";"fixed";"A";"czerwony";"D3";"{""type"":""startNumber"",""number"":8}"
"mini-dmp-6-18";"15";"main";"fixed";"B";"biały";"D2";"{""type"":""startNumber"",""number"":6}"
"mini-dmp-6-18";"15";"main";"fixed";"C";"niebieski";"D3";"{""type"":""startNumber"",""number"":9}"
"mini-dmp-6-18";"15";"main";"fixed";"D";"żółty";"D2";"{""type"":""startNumber"",""number"":4}"
"mini-dmp-6-18";"16";"main";"fixed";"A";"czerwony";"D4";"{""type"":""startNumber"",""number"":11}"
"mini-dmp-6-18";"16";"main";"fixed";"B";"biały";"D3";"{""type"":""startNumber"",""number"":7}"
"mini-dmp-6-18";"16";"main";"fixed";"C";"niebieski";"D4";"{""type"":""startNumber"",""number"":12}"
"mini-dmp-6-18";"16";"main";"fixed";"D";"żółty";"D3";"{""type"":""startNumber"",""number"":8}"
"mini-dmp-6-18";"17";"main";"fixed";"A";"czerwony";"D2";"{""type"":""startNumber"",""number"":5}"
"mini-dmp-6-18";"17";"main";"fixed";"B";"biały";"D6";"{""type"":""startNumber"",""number"":16}"
"mini-dmp-6-18";"17";"main";"fixed";"C";"niebieski";"D2";"{""type"":""startNumber"",""number"":6}"
"mini-dmp-6-18";"17";"main";"fixed";"D";"żółty";"D6";"{""type"":""startNumber"",""number"":18}"
"mini-dmp-6-18";"18";"main";"fixed";"A";"czerwony";"D1";"{""type"":""startNumber"",""number"":3}"
"mini-dmp-6-18";"18";"main";"fixed";"B";"biały";"D5";"{""type"":""startNumber"",""number"":15}"
"mini-dmp-6-18";"18";"main";"fixed";"C";"niebieski";"D1";"{""type"":""startNumber"",""number"":1}"
"mini-dmp-6-18";"18";"main";"fixed";"D";"żółty";"D5";"{""type"":""startNumber"",""number"":13}"
"dpe-pairs-7-21";"1";"main";"fixed";"A";"czerwony";"D1";"{""type"":""startNumber"",""number"":1}"
"dpe-pairs-7-21";"1";"main";"fixed";"B";"biały";"D2";"{""type"":""startNumber"",""number"":4}"
"dpe-pairs-7-21";"1";"main";"fixed";"C";"niebieski";"D1";"{""type"":""startNumber"",""number"":2}"
"dpe-pairs-7-21";"1";"main";"fixed";"D";"żółty";"D2";"{""type"":""startNumber"",""number"":3}"
"dpe-pairs-7-21";"2";"main";"fixed";"A";"czerwony";"D3";"{""type"":""startNumber"",""number"":5}"
"dpe-pairs-7-21";"2";"main";"fixed";"B";"biały";"D4";"{""type"":""startNumber"",""number"":8}"
"dpe-pairs-7-21";"2";"main";"fixed";"C";"niebieski";"D3";"{""type"":""startNumber"",""number"":6}"
"dpe-pairs-7-21";"2";"main";"fixed";"D";"żółty";"D4";"{""type"":""startNumber"",""number"":7}"
"dpe-pairs-7-21";"3";"main";"fixed";"A";"czerwony";"D5";"{""type"":""startNumber"",""number"":9}"
"dpe-pairs-7-21";"3";"main";"fixed";"B";"biały";"D6";"{""type"":""startNumber"",""number"":12}"
"dpe-pairs-7-21";"3";"main";"fixed";"C";"niebieski";"D5";"{""type"":""startNumber"",""number"":10}"
"dpe-pairs-7-21";"3";"main";"fixed";"D";"żółty";"D6";"{""type"":""startNumber"",""number"":11}"
"dpe-pairs-7-21";"4";"main";"fixed";"A";"czerwony";"D7";"{""type"":""startNumber"",""number"":13}"
"dpe-pairs-7-21";"4";"main";"fixed";"B";"biały";"D1";"{""type"":""startNumber"",""number"":2}"
"dpe-pairs-7-21";"4";"main";"fixed";"C";"niebieski";"D7";"{""type"":""startNumber"",""number"":14}"
"dpe-pairs-7-21";"4";"main";"fixed";"D";"żółty";"D1";"{""type"":""startNumber"",""number"":1}"
"dpe-pairs-7-21";"5";"main";"fixed";"A";"czerwony";"D2";"{""type"":""startNumber"",""number"":3}"
"dpe-pairs-7-21";"5";"main";"fixed";"B";"biały";"D3";"{""type"":""startNumber"",""number"":6}"
"dpe-pairs-7-21";"5";"main";"fixed";"C";"niebieski";"D2";"{""type"":""startNumber"",""number"":4}"
"dpe-pairs-7-21";"5";"main";"fixed";"D";"żółty";"D3";"{""type"":""startNumber"",""number"":5}"
"dpe-pairs-7-21";"6";"main";"fixed";"A";"czerwony";"D4";"{""type"":""startNumber"",""number"":7}"
"dpe-pairs-7-21";"6";"main";"fixed";"B";"biały";"D5";"{""type"":""startNumber"",""number"":10}"
"dpe-pairs-7-21";"6";"main";"fixed";"C";"niebieski";"D4";"{""type"":""startNumber"",""number"":8}"
"dpe-pairs-7-21";"6";"main";"fixed";"D";"żółty";"D5";"{""type"":""startNumber"",""number"":9}"
"dpe-pairs-7-21";"7";"main";"fixed";"A";"czerwony";"D7";"{""type"":""startNumber"",""number"":14}"
"dpe-pairs-7-21";"7";"main";"fixed";"B";"biały";"D6";"{""type"":""startNumber"",""number"":11}"
"dpe-pairs-7-21";"7";"main";"fixed";"C";"niebieski";"D7";"{""type"":""startNumber"",""number"":13}"
"dpe-pairs-7-21";"7";"main";"fixed";"D";"żółty";"D6";"{""type"":""startNumber"",""number"":12}"
"dpe-pairs-7-21";"8";"main";"fixed";"A";"czerwony";"D1";"{""type"":""startNumber"",""number"":2}"
"dpe-pairs-7-21";"8";"main";"fixed";"B";"biały";"D3";"{""type"":""startNumber"",""number"":5}"
"dpe-pairs-7-21";"8";"main";"fixed";"C";"niebieski";"D1";"{""type"":""startNumber"",""number"":1}"
"dpe-pairs-7-21";"8";"main";"fixed";"D";"żółty";"D3";"{""type"":""startNumber"",""number"":6}"
"dpe-pairs-7-21";"9";"main";"fixed";"A";"czerwony";"D4";"{""type"":""startNumber"",""number"":8}"
"dpe-pairs-7-21";"9";"main";"fixed";"B";"biały";"D2";"{""type"":""startNumber"",""number"":3}"
"dpe-pairs-7-21";"9";"main";"fixed";"C";"niebieski";"D4";"{""type"":""startNumber"",""number"":7}"
"dpe-pairs-7-21";"9";"main";"fixed";"D";"żółty";"D2";"{""type"":""startNumber"",""number"":4}"
"dpe-pairs-7-21";"10";"main";"fixed";"A";"czerwony";"D5";"{""type"":""startNumber"",""number"":10}"
"dpe-pairs-7-21";"10";"main";"fixed";"B";"biały";"D7";"{""type"":""startNumber"",""number"":14}"
"dpe-pairs-7-21";"10";"main";"fixed";"C";"niebieski";"D5";"{""type"":""startNumber"",""number"":9}"
"dpe-pairs-7-21";"10";"main";"fixed";"D";"żółty";"D7";"{""type"":""startNumber"",""number"":13}"
"dpe-pairs-7-21";"11";"main";"fixed";"A";"czerwony";"D6";"{""type"":""startNumber"",""number"":11}"
"dpe-pairs-7-21";"11";"main";"fixed";"B";"biały";"D1";"{""type"":""startNumber"",""number"":1}"
"dpe-pairs-7-21";"11";"main";"fixed";"C";"niebieski";"D6";"{""type"":""startNumber"",""number"":12}"
"dpe-pairs-7-21";"11";"main";"fixed";"D";"żółty";"D1";"{""type"":""startNumber"",""number"":2}"
"dpe-pairs-7-21";"12";"main";"fixed";"A";"czerwony";"D2";"{""type"":""startNumber"",""number"":4}"
"dpe-pairs-7-21";"12";"main";"fixed";"B";"biały";"D5";"{""type"":""startNumber"",""number"":9}"
"dpe-pairs-7-21";"12";"main";"fixed";"C";"niebieski";"D2";"{""type"":""startNumber"",""number"":3}"
"dpe-pairs-7-21";"12";"main";"fixed";"D";"żółty";"D5";"{""type"":""startNumber"",""number"":10}"
"dpe-pairs-7-21";"13";"main";"fixed";"A";"czerwony";"D3";"{""type"":""startNumber"",""number"":6}"
"dpe-pairs-7-21";"13";"main";"fixed";"B";"biały";"D6";"{""type"":""startNumber"",""number"":12}"
"dpe-pairs-7-21";"13";"main";"fixed";"C";"niebieski";"D3";"{""type"":""startNumber"",""number"":5}"
"dpe-pairs-7-21";"13";"main";"fixed";"D";"żółty";"D6";"{""type"":""startNumber"",""number"":11}"
"dpe-pairs-7-21";"14";"main";"fixed";"A";"czerwony";"D7";"{""type"":""startNumber"",""number"":13}"
"dpe-pairs-7-21";"14";"main";"fixed";"B";"biały";"D4";"{""type"":""startNumber"",""number"":7}"
"dpe-pairs-7-21";"14";"main";"fixed";"C";"niebieski";"D7";"{""type"":""startNumber"",""number"":14}"
"dpe-pairs-7-21";"14";"main";"fixed";"D";"żółty";"D4";"{""type"":""startNumber"",""number"":8}"
"dpe-pairs-7-21";"15";"main";"fixed";"A";"czerwony";"D1";"{""type"":""startNumber"",""number"":1}"
"dpe-pairs-7-21";"15";"main";"fixed";"B";"biały";"D5";"{""type"":""startNumber"",""number"":10}"
"dpe-pairs-7-21";"15";"main";"fixed";"C";"niebieski";"D1";"{""type"":""startNumber"",""number"":2}"
"dpe-pairs-7-21";"15";"main";"fixed";"D";"żółty";"D5";"{""type"":""startNumber"",""number"":9}"
"dpe-pairs-7-21";"16";"main";"fixed";"A";"czerwony";"D6";"{""type"":""startNumber"",""number"":12}"
"dpe-pairs-7-21";"16";"main";"fixed";"B";"biały";"D2";"{""type"":""startNumber"",""number"":4}"
"dpe-pairs-7-21";"16";"main";"fixed";"C";"niebieski";"D6";"{""type"":""startNumber"",""number"":11}"
"dpe-pairs-7-21";"16";"main";"fixed";"D";"żółty";"D2";"{""type"":""startNumber"",""number"":3}"
"dpe-pairs-7-21";"17";"main";"fixed";"A";"czerwony";"D3";"{""type"":""startNumber"",""number"":5}"
"dpe-pairs-7-21";"17";"main";"fixed";"B";"biały";"D7";"{""type"":""startNumber"",""number"":13}"
"dpe-pairs-7-21";"17";"main";"fixed";"C";"niebieski";"D3";"{""type"":""startNumber"",""number"":6}"
"dpe-pairs-7-21";"17";"main";"fixed";"D";"żółty";"D7";"{""type"":""startNumber"",""number"":14}"
"dpe-pairs-7-21";"18";"main";"fixed";"A";"czerwony";"D4";"{""type"":""startNumber"",""number"":7}"
"dpe-pairs-7-21";"18";"main";"fixed";"B";"biały";"D1";"{""type"":""startNumber"",""number"":2}"
"dpe-pairs-7-21";"18";"main";"fixed";"C";"niebieski";"D4";"{""type"":""startNumber"",""number"":8}"
"dpe-pairs-7-21";"18";"main";"fixed";"D";"żółty";"D1";"{""type"":""startNumber"",""number"":1}"
"dpe-pairs-7-21";"19";"main";"fixed";"A";"czerwony";"D2";"{""type"":""startNumber"",""number"":3}"
"dpe-pairs-7-21";"19";"main";"fixed";"B";"biały";"D7";"{""type"":""startNumber"",""number"":14}"
"dpe-pairs-7-21";"19";"main";"fixed";"C";"niebieski";"D2";"{""type"":""startNumber"",""number"":4}"
"dpe-pairs-7-21";"19";"main";"fixed";"D";"żółty";"D7";"{""type"":""startNumber"",""number"":13}"
"dpe-pairs-7-21";"20";"main";"fixed";"A";"czerwony";"D5";"{""type"":""startNumber"",""number"":9}"
"dpe-pairs-7-21";"20";"main";"fixed";"B";"biały";"D3";"{""type"":""startNumber"",""number"":6}"
"dpe-pairs-7-21";"20";"main";"fixed";"C";"niebieski";"D5";"{""type"":""startNumber"",""number"":10}"
"dpe-pairs-7-21";"20";"main";"fixed";"D";"żółty";"D3";"{""type"":""startNumber"",""number"":5}"
"dpe-pairs-7-21";"21";"main";"fixed";"A";"czerwony";"D6";"{""type"":""startNumber"",""number"":11}"
"dpe-pairs-7-21";"21";"main";"fixed";"B";"biały";"D4";"{""type"":""startNumber"",""number"":8}"
"dpe-pairs-7-21";"21";"main";"fixed";"C";"niebieski";"D6";"{""type"":""startNumber"",""number"":12}"
"dpe-pairs-7-21";"21";"main";"fixed";"D";"żółty";"D4";"{""type"":""startNumber"",""number"":7}"
"swc-4-20";"1";"main";"fixed";"A";"biały";"D3";"{""type"":""teamSlot"",""team"":""D3"",""slot"":4}"
"swc-4-20";"1";"main";"fixed";"B";"niebieski";"D2";"{""type"":""teamSlot"",""team"":""D2"",""slot"":1}"
"swc-4-20";"1";"main";"fixed";"C";"czerwony";"D1";"{""type"":""teamSlot"",""team"":""D1"",""slot"":4}"
"swc-4-20";"1";"main";"fixed";"D";"żółty";"D4";"{""type"":""teamSlot"",""team"":""D4"",""slot"":2}"
"swc-4-20";"2";"main";"fixed";"A";"niebieski";"D2";"{""type"":""teamSlot"",""team"":""D2"",""slot"":2}"
"swc-4-20";"2";"main";"fixed";"B";"czerwony";"D1";"{""type"":""teamSlot"",""team"":""D1"",""slot"":3}"
"swc-4-20";"2";"main";"fixed";"C";"żółty";"D4";"{""type"":""teamSlot"",""team"":""D4"",""slot"":1}"
"swc-4-20";"2";"main";"fixed";"D";"biały";"D3";"{""type"":""teamSlot"",""team"":""D3"",""slot"":3}"
"swc-4-20";"3";"main";"fixed";"A";"czerwony";"D1";"{""type"":""teamSlot"",""team"":""D1"",""slot"":2}"
"swc-4-20";"3";"main";"fixed";"B";"biały";"D3";"{""type"":""teamSlot"",""team"":""D3"",""slot"":1}"
"swc-4-20";"3";"main";"fixed";"C";"niebieski";"D2";"{""type"":""teamSlot"",""team"":""D2"",""slot"":4}"
"swc-4-20";"3";"main";"fixed";"D";"żółty";"D4";"{""type"":""teamSlot"",""team"":""D4"",""slot"":3}"
"swc-4-20";"4";"main";"fixed";"A";"niebieski";"D2";"{""type"":""teamSlot"",""team"":""D2"",""slot"":3}"
"swc-4-20";"4";"main";"fixed";"B";"czerwony";"D1";"{""type"":""teamSlot"",""team"":""D1"",""slot"":1}"
"swc-4-20";"4";"main";"fixed";"C";"żółty";"D4";"{""type"":""teamSlot"",""team"":""D4"",""slot"":4}"
"swc-4-20";"4";"main";"fixed";"D";"biały";"D3";"{""type"":""teamSlot"",""team"":""D3"",""slot"":2}"
"swc-4-20";"5";"main";"fixed";"A";"biały";"D3";"{""type"":""teamSlot"",""team"":""D3"",""slot"":1}"
"swc-4-20";"5";"main";"fixed";"B";"żółty";"D4";"{""type"":""teamSlot"",""team"":""D4"",""slot"":4}"
"swc-4-20";"5";"main";"fixed";"C";"niebieski";"D2";"{""type"":""teamSlot"",""team"":""D2"",""slot"":2}"
"swc-4-20";"5";"main";"fixed";"D";"czerwony";"D1";"{""type"":""teamSlot"",""team"":""D1"",""slot"":4}"
"swc-4-20";"6";"main";"fixed";"A";"czerwony";"D1";"{""type"":""teamSlot"",""team"":""D1"",""slot"":3}"
"swc-4-20";"6";"main";"fixed";"B";"biały";"D3";"{""type"":""teamSlot"",""team"":""D3"",""slot"":2}"
"swc-4-20";"6";"main";"fixed";"C";"żółty";"D4";"{""type"":""teamSlot"",""team"":""D4"",""slot"":3}"
"swc-4-20";"6";"main";"fixed";"D";"niebieski";"D2";"{""type"":""teamSlot"",""team"":""D2"",""slot"":1}"
"swc-4-20";"7";"main";"fixed";"A";"żółty";"D4";"{""type"":""teamSlot"",""team"":""D4"",""slot"":1}"
"swc-4-20";"7";"main";"fixed";"B";"biały";"D3";"{""type"":""teamSlot"",""team"":""D3"",""slot"":4}"
"swc-4-20";"7";"main";"fixed";"C";"niebieski";"D2";"{""type"":""teamSlot"",""team"":""D2"",""slot"":3}"
"swc-4-20";"7";"main";"fixed";"D";"czerwony";"D1";"{""type"":""teamSlot"",""team"":""D1"",""slot"":2}"
"swc-4-20";"8";"main";"fixed";"A";"biały";"D3";"{""type"":""teamSlot"",""team"":""D3"",""slot"":3}"
"swc-4-20";"8";"main";"fixed";"B";"żółty";"D4";"{""type"":""teamSlot"",""team"":""D4"",""slot"":2}"
"swc-4-20";"8";"main";"fixed";"C";"czerwony";"D1";"{""type"":""teamSlot"",""team"":""D1"",""slot"":1}"
"swc-4-20";"8";"main";"fixed";"D";"niebieski";"D2";"{""type"":""teamSlot"",""team"":""D2"",""slot"":4}"
"swc-4-20";"9";"main";"fixed";"A";"niebieski";"D2";"{""type"":""teamSlot"",""team"":""D2"",""slot"":4}"
"swc-4-20";"9";"main";"fixed";"B";"czerwony";"D1";"{""type"":""teamSlot"",""team"":""D1"",""slot"":4}"
"swc-4-20";"9";"main";"fixed";"C";"biały";"D3";"{""type"":""teamSlot"",""team"":""D3"",""slot"":2}"
"swc-4-20";"9";"main";"fixed";"D";"żółty";"D4";"{""type"":""teamSlot"",""team"":""D4"",""slot"":1}"
"swc-4-20";"10";"main";"fixed";"A";"żółty";"D4";"{""type"":""teamSlot"",""team"":""D4"",""slot"":2}"
"swc-4-20";"10";"main";"fixed";"B";"niebieski";"D2";"{""type"":""teamSlot"",""team"":""D2"",""slot"":3}"
"swc-4-20";"10";"main";"fixed";"C";"biały";"D3";"{""type"":""teamSlot"",""team"":""D3"",""slot"":1}"
"swc-4-20";"10";"main";"fixed";"D";"czerwony";"D1";"{""type"":""teamSlot"",""team"":""D1"",""slot"":3}"
"swc-4-20";"11";"main";"fixed";"A";"niebieski";"D2";"{""type"":""teamSlot"",""team"":""D2"",""slot"":1}"
"swc-4-20";"11";"main";"fixed";"B";"biały";"D3";"{""type"":""teamSlot"",""team"":""D3"",""slot"":3}"
"swc-4-20";"11";"main";"fixed";"C";"czerwony";"D1";"{""type"":""teamSlot"",""team"":""D1"",""slot"":2}"
"swc-4-20";"11";"main";"fixed";"D";"żółty";"D4";"{""type"":""teamSlot"",""team"":""D4"",""slot"":4}"
"swc-4-20";"12";"main";"fixed";"A";"żółty";"D4";"{""type"":""teamSlot"",""team"":""D4"",""slot"":3}"
"swc-4-20";"12";"main";"fixed";"B";"niebieski";"D2";"{""type"":""teamSlot"",""team"":""D2"",""slot"":2}"
"swc-4-20";"12";"main";"fixed";"C";"biały";"D3";"{""type"":""teamSlot"",""team"":""D3"",""slot"":4}"
"swc-4-20";"12";"main";"fixed";"D";"czerwony";"D1";"{""type"":""teamSlot"",""team"":""D1"",""slot"":1}"
"swc-4-20";"13";"main";"fixed";"A";"żółty";"D4";"{""type"":""teamSlot"",""team"":""D4"",""slot"":4}"
"swc-4-20";"13";"main";"fixed";"B";"niebieski";"D2";"{""type"":""teamSlot"",""team"":""D2"",""slot"":4}"
"swc-4-20";"13";"main";"fixed";"C";"czerwony";"D1";"{""type"":""teamSlot"",""team"":""D1"",""slot"":3}"
"swc-4-20";"13";"main";"fixed";"D";"biały";"D3";"{""type"":""teamSlot"",""team"":""D3"",""slot"":4}"
"swc-4-20";"14";"main";"fixed";"A";"czerwony";"D1";"{""type"":""teamSlot"",""team"":""D1"",""slot"":4}"
"swc-4-20";"14";"main";"fixed";"B";"żółty";"D4";"{""type"":""teamSlot"",""team"":""D4"",""slot"":3}"
"swc-4-20";"14";"main";"fixed";"C";"biały";"D3";"{""type"":""teamSlot"",""team"":""D3"",""slot"":3}"
"swc-4-20";"14";"main";"fixed";"D";"niebieski";"D2";"{""type"":""teamSlot"",""team"":""D2"",""slot"":3}"
"swc-4-20";"15";"main";"fixed";"A";"biały";"D3";"{""type"":""teamSlot"",""team"":""D3"",""slot"":2}"
"swc-4-20";"15";"main";"fixed";"B";"czerwony";"D1";"{""type"":""teamSlot"",""team"":""D1"",""slot"":2}"
"swc-4-20";"15";"main";"fixed";"C";"żółty";"D4";"{""type"":""teamSlot"",""team"":""D4"",""slot"":2}"
"swc-4-20";"15";"main";"fixed";"D";"niebieski";"D2";"{""type"":""teamSlot"",""team"":""D2"",""slot"":2}"
"swc-4-20";"16";"main";"fixed";"A";"czerwony";"D1";"{""type"":""teamSlot"",""team"":""D1"",""slot"":1}"
"swc-4-20";"16";"main";"fixed";"B";"żółty";"D4";"{""type"":""teamSlot"",""team"":""D4"",""slot"":1}"
"swc-4-20";"16";"main";"fixed";"C";"niebieski";"D2";"{""type"":""teamSlot"",""team"":""D2"",""slot"":1}"
"swc-4-20";"16";"main";"fixed";"D";"biały";"D3";"{""type"":""teamSlot"",""team"":""D3"",""slot"":1}"
"swc-4-20";"17";"nominated";"fixed";"A";"żółty";"D4";"{""type"":""nomination"",""key"":""17:D4""}"
"swc-4-20";"17";"nominated";"fixed";"B";"biały";"D3";"{""type"":""nomination"",""key"":""17:D3""}"
"swc-4-20";"17";"nominated";"fixed";"C";"czerwony";"D1";"{""type"":""nomination"",""key"":""17:D1""}"
"swc-4-20";"17";"nominated";"fixed";"D";"niebieski";"D2";"{""type"":""nomination"",""key"":""17:D2""}"
"swc-4-20";"18";"nominated";"fixed";"A";"niebieski";"D2";"{""type"":""nomination"",""key"":""18:D2""}"
"swc-4-20";"18";"nominated";"fixed";"B";"żółty";"D4";"{""type"":""nomination"",""key"":""18:D4""}"
"swc-4-20";"18";"nominated";"fixed";"C";"biały";"D3";"{""type"":""nomination"",""key"":""18:D3""}"
"swc-4-20";"18";"nominated";"fixed";"D";"czerwony";"D1";"{""type"":""nomination"",""key"":""18:D1""}"
"swc-4-20";"19";"nominated";"fixed";"A";"czerwony";"D1";"{""type"":""nomination"",""key"":""19:D1""}"
"swc-4-20";"19";"nominated";"fixed";"B";"niebieski";"D2";"{""type"":""nomination"",""key"":""19:D2""}"
"swc-4-20";"19";"nominated";"fixed";"C";"żółty";"D4";"{""type"":""nomination"",""key"":""19:D4""}"
"swc-4-20";"19";"nominated";"fixed";"D";"biały";"D3";"{""type"":""nomination"",""key"":""19:D3""}"
"swc-4-20";"20";"nominated";"fixed";"A";"biały";"D3";"{""type"":""nomination"",""key"":""20:D3""}"
"swc-4-20";"20";"nominated";"fixed";"B";"czerwony";"D1";"{""type"":""nomination"",""key"":""20:D1""}"
"swc-4-20";"20";"nominated";"fixed";"C";"niebieski";"D2";"{""type"":""nomination"",""key"":""20:D2""}"
"swc-4-20";"20";"nominated";"fixed";"D";"żółty";"D4";"{""type"":""nomination"",""key"":""20:D4""}"
"son2-8-28";"1";"main";"fixed";"A";"czerwony";"B";"{""type"":""teamSlot"",""team"":""B"",""slot"":1}"
"son2-8-28";"1";"main";"fixed";"B";"biały";"A";"{""type"":""teamSlot"",""team"":""A"",""slot"":1}"
"son2-8-28";"1";"main";"fixed";"C";"niebieski";"B";"{""type"":""teamSlot"",""team"":""B"",""slot"":2}"
"son2-8-28";"1";"main";"fixed";"D";"żółty";"A";"{""type"":""teamSlot"",""team"":""A"",""slot"":2}"
"son2-8-28";"2";"main";"fixed";"A";"czerwony";"C";"{""type"":""teamSlot"",""team"":""C"",""slot"":1}"
"son2-8-28";"2";"main";"fixed";"B";"biały";"H";"{""type"":""teamSlot"",""team"":""H"",""slot"":1}"
"son2-8-28";"2";"main";"fixed";"C";"niebieski";"C";"{""type"":""teamSlot"",""team"":""C"",""slot"":2}"
"son2-8-28";"2";"main";"fixed";"D";"żółty";"H";"{""type"":""teamSlot"",""team"":""H"",""slot"":2}"
"son2-8-28";"3";"main";"fixed";"A";"czerwony";"D";"{""type"":""teamSlot"",""team"":""D"",""slot"":1}"
"son2-8-28";"3";"main";"fixed";"B";"biały";"G";"{""type"":""teamSlot"",""team"":""G"",""slot"":1}"
"son2-8-28";"3";"main";"fixed";"C";"niebieski";"D";"{""type"":""teamSlot"",""team"":""D"",""slot"":2}"
"son2-8-28";"3";"main";"fixed";"D";"żółty";"G";"{""type"":""teamSlot"",""team"":""G"",""slot"":2}"
"son2-8-28";"4";"main";"fixed";"A";"czerwony";"E";"{""type"":""teamSlot"",""team"":""E"",""slot"":1}"
"son2-8-28";"4";"main";"fixed";"B";"biały";"F";"{""type"":""teamSlot"",""team"":""F"",""slot"":1}"
"son2-8-28";"4";"main";"fixed";"C";"niebieski";"E";"{""type"":""teamSlot"",""team"":""E"",""slot"":2}"
"son2-8-28";"4";"main";"fixed";"D";"żółty";"F";"{""type"":""teamSlot"",""team"":""F"",""slot"":2}"
"son2-8-28";"5";"main";"fixed";"A";"czerwony";"C";"{""type"":""teamSlot"",""team"":""C"",""slot"":1}"
"son2-8-28";"5";"main";"fixed";"B";"biały";"D";"{""type"":""teamSlot"",""team"":""D"",""slot"":1}"
"son2-8-28";"5";"main";"fixed";"C";"niebieski";"C";"{""type"":""teamSlot"",""team"":""C"",""slot"":2}"
"son2-8-28";"5";"main";"fixed";"D";"żółty";"D";"{""type"":""teamSlot"",""team"":""D"",""slot"":2}"
"son2-8-28";"6";"main";"fixed";"A";"czerwony";"A";"{""type"":""teamSlot"",""team"":""A"",""slot"":1}"
"son2-8-28";"6";"main";"fixed";"B";"biały";"G";"{""type"":""teamSlot"",""team"":""G"",""slot"":1}"
"son2-8-28";"6";"main";"fixed";"C";"niebieski";"A";"{""type"":""teamSlot"",""team"":""A"",""slot"":2}"
"son2-8-28";"6";"main";"fixed";"D";"żółty";"G";"{""type"":""teamSlot"",""team"":""G"",""slot"":2}"
"son2-8-28";"7";"main";"fixed";"A";"czerwony";"H";"{""type"":""teamSlot"",""team"":""H"",""slot"":1}"
"son2-8-28";"7";"main";"fixed";"B";"biały";"F";"{""type"":""teamSlot"",""team"":""F"",""slot"":1}"
"son2-8-28";"7";"main";"fixed";"C";"niebieski";"H";"{""type"":""teamSlot"",""team"":""H"",""slot"":2}"
"son2-8-28";"7";"main";"fixed";"D";"żółty";"F";"{""type"":""teamSlot"",""team"":""F"",""slot"":2}"
"son2-8-28";"8";"main";"fixed";"A";"czerwony";"B";"{""type"":""teamSlot"",""team"":""B"",""slot"":1}"
"son2-8-28";"8";"main";"fixed";"B";"biały";"E";"{""type"":""teamSlot"",""team"":""E"",""slot"":1}"
"son2-8-28";"8";"main";"fixed";"C";"niebieski";"B";"{""type"":""teamSlot"",""team"":""B"",""slot"":2}"
"son2-8-28";"8";"main";"fixed";"D";"żółty";"E";"{""type"":""teamSlot"",""team"":""E"",""slot"":2}"
"son2-8-28";"9";"main";"fixed";"A";"czerwony";"F";"{""type"":""teamSlot"",""team"":""F"",""slot"":1}"
"son2-8-28";"9";"main";"fixed";"B";"biały";"B";"{""type"":""teamSlot"",""team"":""B"",""slot"":1}"
"son2-8-28";"9";"main";"fixed";"C";"niebieski";"F";"{""type"":""teamSlot"",""team"":""F"",""slot"":2}"
"son2-8-28";"9";"main";"fixed";"D";"żółty";"B";"{""type"":""teamSlot"",""team"":""B"",""slot"":2}"
"son2-8-28";"10";"main";"fixed";"A";"czerwony";"G";"{""type"":""teamSlot"",""team"":""G"",""slot"":1}"
"son2-8-28";"10";"main";"fixed";"B";"biały";"H";"{""type"":""teamSlot"",""team"":""H"",""slot"":1}"
"son2-8-28";"10";"main";"fixed";"C";"niebieski";"G";"{""type"":""teamSlot"",""team"":""G"",""slot"":2}"
"son2-8-28";"10";"main";"fixed";"D";"żółty";"H";"{""type"":""teamSlot"",""team"":""H"",""slot"":2}"
"son2-8-28";"11";"main";"fixed";"A";"czerwony";"D";"{""type"":""teamSlot"",""team"":""D"",""slot"":1}"
"son2-8-28";"11";"main";"fixed";"B";"biały";"A";"{""type"":""teamSlot"",""team"":""A"",""slot"":1}"
"son2-8-28";"11";"main";"fixed";"C";"niebieski";"D";"{""type"":""teamSlot"",""team"":""D"",""slot"":2}"
"son2-8-28";"11";"main";"fixed";"D";"żółty";"A";"{""type"":""teamSlot"",""team"":""A"",""slot"":2}"
"son2-8-28";"12";"main";"fixed";"A";"czerwony";"E";"{""type"":""teamSlot"",""team"":""E"",""slot"":1}"
"son2-8-28";"12";"main";"fixed";"B";"biały";"C";"{""type"":""teamSlot"",""team"":""C"",""slot"":1}"
"son2-8-28";"12";"main";"fixed";"C";"niebieski";"E";"{""type"":""teamSlot"",""team"":""E"",""slot"":2}"
"son2-8-28";"12";"main";"fixed";"D";"żółty";"C";"{""type"":""teamSlot"",""team"":""C"",""slot"":2}"
"son2-8-28";"13";"main";"fixed";"A";"czerwony";"G";"{""type"":""teamSlot"",""team"":""G"",""slot"":1}"
"son2-8-28";"13";"main";"fixed";"B";"biały";"E";"{""type"":""teamSlot"",""team"":""E"",""slot"":1}"
"son2-8-28";"13";"main";"fixed";"C";"niebieski";"G";"{""type"":""teamSlot"",""team"":""G"",""slot"":2}"
"son2-8-28";"13";"main";"fixed";"D";"żółty";"E";"{""type"":""teamSlot"",""team"":""E"",""slot"":2}"
"son2-8-28";"14";"main";"fixed";"A";"czerwony";"H";"{""type"":""teamSlot"",""team"":""H"",""slot"":1}"
"son2-8-28";"14";"main";"fixed";"B";"biały";"D";"{""type"":""teamSlot"",""team"":""D"",""slot"":1}"
"son2-8-28";"14";"main";"fixed";"C";"niebieski";"H";"{""type"":""teamSlot"",""team"":""H"",""slot"":2}"
"son2-8-28";"14";"main";"fixed";"D";"żółty";"D";"{""type"":""teamSlot"",""team"":""D"",""slot"":2}"
"son2-8-28";"15";"main";"fixed";"A";"czerwony";"B";"{""type"":""teamSlot"",""team"":""B"",""slot"":1}"
"son2-8-28";"15";"main";"fixed";"B";"biały";"C";"{""type"":""teamSlot"",""team"":""C"",""slot"":1}"
"son2-8-28";"15";"main";"fixed";"C";"niebieski";"B";"{""type"":""teamSlot"",""team"":""B"",""slot"":2}"
"son2-8-28";"15";"main";"fixed";"D";"żółty";"C";"{""type"":""teamSlot"",""team"":""C"",""slot"":2}"
"son2-8-28";"16";"main";"fixed";"A";"czerwony";"F";"{""type"":""teamSlot"",""team"":""F"",""slot"":1}"
"son2-8-28";"16";"main";"fixed";"B";"biały";"A";"{""type"":""teamSlot"",""team"":""A"",""slot"":1}"
"son2-8-28";"16";"main";"fixed";"C";"niebieski";"F";"{""type"":""teamSlot"",""team"":""F"",""slot"":2}"
"son2-8-28";"16";"main";"fixed";"D";"żółty";"A";"{""type"":""teamSlot"",""team"":""A"",""slot"":2}"
"son2-8-28";"17";"main";"fixed";"A";"czerwony";"A";"{""type"":""teamSlot"",""team"":""A"",""slot"":1}"
"son2-8-28";"17";"main";"fixed";"B";"biały";"C";"{""type"":""teamSlot"",""team"":""C"",""slot"":1}"
"son2-8-28";"17";"main";"fixed";"C";"niebieski";"A";"{""type"":""teamSlot"",""team"":""A"",""slot"":2}"
"son2-8-28";"17";"main";"fixed";"D";"żółty";"C";"{""type"":""teamSlot"",""team"":""C"",""slot"":2}"
"son2-8-28";"18";"main";"fixed";"A";"czerwony";"D";"{""type"":""teamSlot"",""team"":""D"",""slot"":1}"
"son2-8-28";"18";"main";"fixed";"B";"biały";"B";"{""type"":""teamSlot"",""team"":""B"",""slot"":1}"
"son2-8-28";"18";"main";"fixed";"C";"niebieski";"D";"{""type"":""teamSlot"",""team"":""D"",""slot"":2}"
"son2-8-28";"18";"main";"fixed";"D";"żółty";"B";"{""type"":""teamSlot"",""team"":""B"",""slot"":2}"
"son2-8-28";"19";"main";"fixed";"A";"czerwony";"E";"{""type"":""teamSlot"",""team"":""E"",""slot"":1}"
"son2-8-28";"19";"main";"fixed";"B";"biały";"H";"{""type"":""teamSlot"",""team"":""H"",""slot"":1}"
"son2-8-28";"19";"main";"fixed";"C";"niebieski";"E";"{""type"":""teamSlot"",""team"":""E"",""slot"":2}"
"son2-8-28";"19";"main";"fixed";"D";"żółty";"H";"{""type"":""teamSlot"",""team"":""H"",""slot"":2}"
"son2-8-28";"20";"main";"fixed";"A";"czerwony";"F";"{""type"":""teamSlot"",""team"":""F"",""slot"":1}"
"son2-8-28";"20";"main";"fixed";"B";"biały";"G";"{""type"":""teamSlot"",""team"":""G"",""slot"":1}"
"son2-8-28";"20";"main";"fixed";"C";"niebieski";"F";"{""type"":""teamSlot"",""team"":""F"",""slot"":2}"
"son2-8-28";"20";"main";"fixed";"D";"żółty";"G";"{""type"":""teamSlot"",""team"":""G"",""slot"":2}"
"son2-8-28";"21";"main";"fixed";"A";"czerwony";"D";"{""type"":""teamSlot"",""team"":""D"",""slot"":1}"
"son2-8-28";"21";"main";"fixed";"B";"biały";"E";"{""type"":""teamSlot"",""team"":""E"",""slot"":1}"
"son2-8-28";"21";"main";"fixed";"C";"niebieski";"D";"{""type"":""teamSlot"",""team"":""D"",""slot"":2}"
"son2-8-28";"21";"main";"fixed";"D";"żółty";"E";"{""type"":""teamSlot"",""team"":""E"",""slot"":2}"
"son2-8-28";"22";"main";"fixed";"A";"czerwony";"H";"{""type"":""teamSlot"",""team"":""H"",""slot"":1}"
"son2-8-28";"22";"main";"fixed";"B";"biały";"A";"{""type"":""teamSlot"",""team"":""A"",""slot"":1}"
"son2-8-28";"22";"main";"fixed";"C";"niebieski";"H";"{""type"":""teamSlot"",""team"":""H"",""slot"":2}"
"son2-8-28";"22";"main";"fixed";"D";"żółty";"A";"{""type"":""teamSlot"",""team"":""A"",""slot"":2}"
"son2-8-28";"23";"main";"fixed";"A";"czerwony";"B";"{""type"":""teamSlot"",""team"":""B"",""slot"":1}"
"son2-8-28";"23";"main";"fixed";"B";"biały";"G";"{""type"":""teamSlot"",""team"":""G"",""slot"":1}"
"son2-8-28";"23";"main";"fixed";"C";"niebieski";"B";"{""type"":""teamSlot"",""team"":""B"",""slot"":2}"
"son2-8-28";"23";"main";"fixed";"D";"żółty";"G";"{""type"":""teamSlot"",""team"":""G"",""slot"":2}"
"son2-8-28";"24";"main";"fixed";"A";"czerwony";"C";"{""type"":""teamSlot"",""team"":""C"",""slot"":1}"
"son2-8-28";"24";"main";"fixed";"B";"biały";"F";"{""type"":""teamSlot"",""team"":""F"",""slot"":1}"
"son2-8-28";"24";"main";"fixed";"C";"niebieski";"C";"{""type"":""teamSlot"",""team"":""C"",""slot"":2}"
"son2-8-28";"24";"main";"fixed";"D";"żółty";"F";"{""type"":""teamSlot"",""team"":""F"",""slot"":2}"
"son2-8-28";"25";"main";"fixed";"A";"czerwony";"G";"{""type"":""teamSlot"",""team"":""G"",""slot"":1}"
"son2-8-28";"25";"main";"fixed";"B";"biały";"C";"{""type"":""teamSlot"",""team"":""C"",""slot"":1}"
"son2-8-28";"25";"main";"fixed";"C";"niebieski";"G";"{""type"":""teamSlot"",""team"":""G"",""slot"":2}"
"son2-8-28";"25";"main";"fixed";"D";"żółty";"C";"{""type"":""teamSlot"",""team"":""C"",""slot"":2}"
"son2-8-28";"26";"main";"fixed";"A";"czerwony";"H";"{""type"":""teamSlot"",""team"":""H"",""slot"":1}"
"son2-8-28";"26";"main";"fixed";"B";"biały";"B";"{""type"":""teamSlot"",""team"":""B"",""slot"":1}"
"son2-8-28";"26";"main";"fixed";"C";"niebieski";"H";"{""type"":""teamSlot"",""team"":""H"",""slot"":2}"
"son2-8-28";"26";"main";"fixed";"D";"żółty";"B";"{""type"":""teamSlot"",""team"":""B"",""slot"":2}"
"son2-8-28";"27";"main";"fixed";"A";"czerwony";"A";"{""type"":""teamSlot"",""team"":""A"",""slot"":1}"
"son2-8-28";"27";"main";"fixed";"B";"biały";"E";"{""type"":""teamSlot"",""team"":""E"",""slot"":1}"
"son2-8-28";"27";"main";"fixed";"C";"niebieski";"A";"{""type"":""teamSlot"",""team"":""A"",""slot"":2}"
"son2-8-28";"27";"main";"fixed";"D";"żółty";"E";"{""type"":""teamSlot"",""team"":""E"",""slot"":2}"
"son2-8-28";"28";"main";"fixed";"A";"czerwony";"F";"{""type"":""teamSlot"",""team"":""F"",""slot"":1}"
"son2-8-28";"28";"main";"fixed";"B";"biały";"D";"{""type"":""teamSlot"",""team"":""D"",""slot"":1}"
"son2-8-28";"28";"main";"fixed";"C";"niebieski";"F";"{""type"":""teamSlot"",""team"":""F"",""slot"":2}"
"son2-8-28";"28";"main";"fixed";"D";"żółty";"D";"{""type"":""teamSlot"",""team"":""D"",""slot"":2}"
